-- MySQL dump 10.11
--
-- Host: localhost    Database: mis
-- ------------------------------------------------------
-- Server version	5.0.89

/*!40101 SET @OLD_CHARACTER_SET_CLIENT=@@CHARACTER_SET_CLIENT */;
/*!40101 SET @OLD_CHARACTER_SET_RESULTS=@@CHARACTER_SET_RESULTS */;
/*!40101 SET @OLD_COLLATION_CONNECTION=@@COLLATION_CONNECTION */;
/*!40101 SET NAMES utf8 */;
/*!40103 SET @OLD_TIME_ZONE=@@TIME_ZONE */;
/*!40103 SET TIME_ZONE='+00:00' */;
/*!40014 SET @OLD_UNIQUE_CHECKS=@@UNIQUE_CHECKS, UNIQUE_CHECKS=0 */;
/*!40014 SET @OLD_FOREIGN_KEY_CHECKS=@@FOREIGN_KEY_CHECKS, FOREIGN_KEY_CHECKS=0 */;
/*!40101 SET @OLD_SQL_MODE=@@SQL_MODE, SQL_MODE='NO_AUTO_VALUE_ON_ZERO' */;
/*!40111 SET @OLD_SQL_NOTES=@@SQL_NOTES, SQL_NOTES=0 */;

--
-- Table structure for table `config`
--

DROP TABLE IF EXISTS `config`;
/*!40101 SET @saved_cs_client     = @@character_set_client */;
/*!40101 SET character_set_client = utf8 */;
CREATE TABLE `config` (
  `name` varchar(100) NOT NULL,
  `value` text NOT NULL,
  PRIMARY KEY  (`name`)
) ENGINE=MyISAM DEFAULT CHARSET=utf8;
/*!40101 SET character_set_client = @saved_cs_client */;

--
-- Dumping data for table `config`
--

LOCK TABLES `config` WRITE;
/*!40000 ALTER TABLE `config` DISABLE KEYS */;
INSERT INTO `config` VALUES ('memcached.servers','localhost');
/*!40000 ALTER TABLE `config` ENABLE KEYS */;
UNLOCK TABLES;

--
-- Table structure for table `dict`
--

DROP TABLE IF EXISTS `dict`;
/*!40101 SET @saved_cs_client     = @@character_set_client */;
/*!40101 SET character_set_client = utf8 */;
CREATE TABLE `dict` (
  `dict_id` int(11) NOT NULL auto_increment,
  `name` varchar(90) NOT NULL,
  `mode` tinyint(2) NOT NULL COMMENT '0: 精确匹配 1:中文包含 2:英文包含',
  `type` tinyint(2) NOT NULL COMMENT '0: 白名单 1:强过滤词 2:审核队列词',
  `channel` varchar(90) NOT NULL,
  PRIMARY KEY  (`dict_id`)
) ENGINE=MyISAM AUTO_INCREMENT=8 DEFAULT CHARSET=utf8;
/*!40101 SET character_set_client = @saved_cs_client */;

--
-- Dumping data for table `dict`
--

LOCK TABLES `dict` WRITE;
/*!40000 ALTER TABLE `dict` DISABLE KEYS */;
INSERT INTO `dict` VALUES (1,'推他黑名单',1,1,'twitter'),(2,'消息黑名单',1,1,'message'),(3,'广告',1,2,'twitter'),(4,'广告',1,2,'message'),(5,'推他图片',1,1,'twitter_image'),(6,'comment blacklist',1,1,'comment'),(7,'default blacklist',1,1,'default');
/*!40000 ALTER TABLE `dict` ENABLE KEYS */;
UNLOCK TABLES;

--
-- Table structure for table `frequency_limit`
--

DROP TABLE IF EXISTS `frequency_limit`;
/*!40101 SET @saved_cs_client     = @@character_set_client */;
/*!40101 SET character_set_client = utf8 */;
CREATE TABLE `frequency_limit` (
  `frequency_limit_id` int(11) NOT NULL auto_increment,
  `channel` varchar(90) NOT NULL,
  `type` tinyint(2) NOT NULL COMMENT '0: ip 1: 内容',
  `timeout` int(11) NOT NULL COMMENT '秒',
  `times` int(11) NOT NULL,
  PRIMARY KEY  (`frequency_limit_id`)
) ENGINE=MyISAM AUTO_INCREMENT=3 DEFAULT CHARSET=utf8;
/*!40101 SET character_set_client = @saved_cs_client */;

--
-- Dumping data for table `frequency_limit`
--

LOCK TABLES `frequency_limit` WRITE;
/*!40000 ALTER TABLE `frequency_limit` DISABLE KEYS */;
INSERT INTO `frequency_limit` VALUES (1,'twitter',1,100,1),(2,'comment',1,1,1);
/*!40000 ALTER TABLE `frequency_limit` ENABLE KEYS */;
UNLOCK TABLES;

--
-- Table structure for table `log`
--

DROP TABLE IF EXISTS `log`;
/*!40101 SET @saved_cs_client     = @@character_set_client */;
/*!40101 SET character_set_client = utf8 */;
CREATE TABLE `log` (
  `id` int(11) NOT NULL auto_increment,
  `channel` varchar(30) NOT NULL,
  `user_id` varchar(20) NOT NULL,
  `ip` varchar(100) NOT NULL,
  `content` text NOT NULL,
  `record_id` varchar(60) NOT NULL,
  `result` int(2) NOT NULL,
  `reason` text NOT NULL,
  `add_time` int(11) NOT NULL,
  `check_result` int(11) NOT NULL default '0',
  `check_time` int(11) NOT NULL,
  PRIMARY KEY  (`id`)
) ENGINE=MyISAM AUTO_INCREMENT=154 DEFAULT CHARSET=utf8;
/*!40101 SET character_set_client = @saved_cs_client */;

--
-- Dumping data for table `log`
--

LOCK TABLES `log` WRITE;
/*!40000 ALTER TABLE `log` DISABLE KEYS */;
INSERT INTO `log` VALUES (1,'twitter','12345667','172.16.1.3','taobaoa\r\nasdfasd\r\nfa\r\nsdf\r\nasdf','0123456789abcdef0123456789abcdef',2,'3:taobao',1272283554,0,0),(2,'twitter','12345667','172.16.1.3','taobaoa\r\nasdfasd\r\nfa\r\nsdf\r\nasdf','0123456789abcdef0123456789abcdef',3,'',1272283554,0,0),(3,'twitter','12345667','172.16.1.3','taobaoa\r\nasdfasd\r\nfa\r\nsdf\r\nasdf','0123456789abcdef0123456789abcdef',3,'',1272283556,0,0),(4,'twitter','12345667','172.16.1.3','taobaoa\r\nasdfasd\r\nfa\r\nsdf\r\nasdf','0123456789abcdef0123456789abcdef',3,'',1272283556,0,0),(5,'twitter','12345667','172.16.1.3','taobaoa\r\nasdfasd\r\nfa\r\nsdf\r\nasdf','0123456789abcdef0123456789abcdef',3,'',1272283556,0,0),(6,'twitter','12345667','172.16.1.3','taobaoa\r\nasdfasd\r\nfa\r\nsdf\r\nasdf','0123456789abcdef0123456789abcdef',3,'',1272283556,0,0),(7,'twitter','1217462590','172.16.1.1','wejweowej','79c7402e513711dfaf85000c29d0ebbd',1,'',1272285068,0,0),(8,'twitter','1217462590','172.16.1.1','wepo wepkwep','8335f9b6513711dfaf85000c29d0ebbd',1,'',1272285084,0,0),(9,'twitter','1217462590','172.16.1.1','http://www.qqhead.net.cn/d/file/QQshandongtouxiang/2009-01-19/cec9b9919105e929d509954a02c454f1.gif','',0,'1:x\n1:01',1272285696,0,0),(10,'twitter_image','1217462590','172.16.1.3','http://2wqq.com/skin/Tsi/brcorner.gif','',0,'5:2wqq.com',1272286054,0,0),(11,'twitter','12345667','172.16.1.3','http://www.qqhead.net.cn/d/file/QQshandongtouxiang/2009-01-19/cec9b9919105e929d509954a02c454f1.gif ','0123456789abcdef0123456789abcdef',0,'1:x\n1:01',1272286195,0,0),(12,'twitter_image','1217462590','172.16.1.1','http://2wqq.com/skin/Tsi/brcorner.gif','',0,'5:2wqq.com',1272286271,0,0),(13,'twitter','1217462590','172.16.1.3','weewew','4fb082d4513a11dfaf85000c29d0ebbd',1,'',1272286286,0,0),(14,'twitter','1212175243','172.16.1.3','x','6493082a513a11dfaf85000c29d0ebbd',0,'1:x',1272286321,0,0),(15,'twitter','1217462590','172.16.1.3','weewewew','64e022ea513a11dfaf85000c29d0ebbd',1,'',1272286321,0,0),(16,'twitter','1212175243','172.16.1.3','01','66ba7228513a11dfaf85000c29d0ebbd',0,'1:01',1272286324,0,0),(17,'twitter','1217462590','172.16.1.3','wjepwejpwe jp','69edfe6a513a11dfaf85000c29d0ebbd',1,'',1272286330,0,0),(18,'twitter','1212175243','172.16.1.3','fuck','6a64b46a513a11dfaf85000c29d0ebbd',0,'1:fuck',1272286330,0,0),(19,'twitter','1212175243','172.16.1.3','北大法学院','7a8771b6513a11dfaf85000c29d0ebbd',0,'1:大法',1272286358,0,0),(20,'twitter','1212175243','172.16.1.3','北大 法学院','7fb1b160513a11dfaf85000c29d0ebbd',1,'',1272286366,0,0),(21,'twitter','1212175243','172.16.1.3','北大法学院','82386f28513a11dfaf85000c29d0ebbd',0,'1:大法',1272286370,0,0),(22,'twitter','1217462590','172.16.1.1','wep wepjwep','876b52b2513a11dfaf85000c29d0ebbd',1,'',1272286379,0,0),(23,'twitter','1217462590','172.16.1.1','wjepwoejp [开心]','43c85f08513c11dfaf85000c29d0ebbd',1,'',1272287125,0,0),(24,'twitter','1217462590','172.16.1.3','转发推他：wee ','4cba51ca513c11dfaf85000c29d0ebbd',1,'',1272287140,0,0),(25,'twitter','1217462590','172.16.1.3','转发推他：1','565d1384513c11dfaf85000c29d0ebbd',1,'',1272287156,0,0),(26,'twitter','1217462590','172.16.1.1','转发推他：1','8711132c513c11dfaf85000c29d0ebbd',3,'',1272287238,0,0),(27,'twitter','1217462590','172.16.1.1','转发推他：1','a779147a513c11dfaf85000c29d0ebbd',1,'',1272287292,0,0),(28,'twitter','1217462590','172.16.1.3','转发推他：1','ac3331bc513c11dfaf85000c29d0ebbd',3,'',1272287300,0,0),(29,'twitter','1217461921','172.16.1.1','转发推他：1','c0934412513c11dfaf85000c29d0ebbd',1,'',1272287334,0,0),(30,'twitter','1217462590','172.16.1.3','转发推他：2','d4710320513c11dfaf85000c29d0ebbd',1,'',1272287367,0,0),(31,'twitter','1217462590','172.16.1.3','weowewe','d8abbd68513c11dfaf85000c29d0ebbd',1,'',1272287374,0,0),(32,'comment','1211449206','172.16.1.3','fuck','26a40736ae031feea2bd041fc113bbf9',0,'6:fuck',1272354949,0,0),(33,'comment','1211449206','172.16.1.3','fuck','6b731ebb6b920ca25bfa5f67b02ab2a2',0,'6:fuck',1272355132,0,0),(34,'comment','1211449206','172.16.1.1','fuck you','b24c67c0a96dfbab5d374bf2dc5fc7a7',0,'6:fuck',1272355166,0,0),(35,'comment','1211449206','172.16.1.3','fuckyou','6e642a25bdef9deade1ed38dbd5cafc7',0,'6:fuck',1272355170,0,0),(36,'comment','1211449206','172.16.1.1','efuckkduu','264b32266ea5c7626f9d8d28e95ea85b',0,'6:fuck',1272355192,0,0),(37,'twitter','1109490937','172.16.1.1','biubiu~','58fb0efc51dc11dfaf85000c29d0ebbd',1,'',1272355690,0,0),(38,'twitter','1108531467','172.16.1.1','sadg','c5f61a4c51dc11dfaf85000c29d0ebbd',1,'',1272355872,0,0),(39,'twitter','1108531467','172.16.1.3','hello','d3f0f44651dc11dfaf85000c29d0ebbd',1,'',1272355896,0,0),(40,'comment','1211449206','172.16.1.3','FUNk','418010457d39db246dedc96330c48641',1,'',1272356632,0,0),(41,'comment','1211449206','172.16.1.1','FUck','f647026ac5a9e841336a250f07eda14c',0,'6:fuck',1272356637,0,0),(42,'twitter','1217462590','172.16.1.1','问问欧赔金额物品','122a372051df11dfaf85000c29d0ebbd',1,'',1272356859,0,0),(43,'twitter','1217462590','172.16.1.1','万巨额欧普居文沛','14ed5e9251df11dfaf85000c29d0ebbd',1,'',1272356864,0,0),(44,'twitter','1217462590','172.16.1.1','位评委','1779ea6851df11dfaf85000c29d0ebbd',1,'',1272356868,0,0),(45,'default','8061246','172.16.1.3','法轮功','',0,'7:法轮\n7:轮功',1272357046,0,0),(46,'default','8061246','172.16.1.1','法轮','',0,'7:法轮',1272357050,0,0),(47,'default','8061246','172.16.1.1','法轮x','',0,'7:法轮\n7:x',1272357574,0,0),(48,'twitter','1109490937','172.16.1.1','测试下下下下[开心]','30ec77e851e111dfaf85000c29d0ebbd',1,'',1272357770,0,0),(49,'twitter','1217462590','172.16.1.3','分享视频','dd48bb1451e111dfaf85000c29d0ebbd',0,'1:视频',1272358059,0,0),(50,'twitter','1217462590','172.16.1.3','分享视频','e3fa9d9251e111dfaf85000c29d0ebbd',0,'1:视频',1272358070,0,0),(51,'twitter','1217462590','172.16.1.3','wjepewjpwe','2733938e51e211dfaf85000c29d0ebbd',1,'',1272358183,0,0),(52,'twitter','1217461921','172.16.1.3','视频','ad5e4f0851e211dfaf85000c29d0ebbd',0,'1:视频',1272358408,0,0),(53,'twitter','1217461921','172.16.1.3','为颇为平','b05b4e4051e211dfaf85000c29d0ebbd',1,'',1272358413,0,0),(54,'twitter','1217461921','172.16.1.1','维吾尔文','c37c218451e211dfaf85000c29d0ebbd',1,'',1272358445,0,0),(55,'twitter','772028816','172.16.1.3','ddk','757cfbb851e511dfaf85000c29d0ebbd',1,'',1272359603,0,0),(56,'twitter','415814103','172.16.1.3','发几条正经的推他，不然一堆的  ddddd','aed57cac51e811dfaf85000c29d0ebbd',1,'',1272360987,0,0),(57,'twitter','415814103','172.16.1.1','发推他能够立马展现了。cool。发推他还是应该支持  ctrl+enter','d65a7cdc51e811dfaf85000c29d0ebbd',1,'',1272361054,0,0),(58,'twitter','415814103','172.16.1.1','转发推他','e9385b6251e811dfaf85000c29d0ebbd',1,'',1272361085,0,0),(59,'comment','415814103','172.16.1.1','转发推他','18ffc2e04f47fdf01706e97216609d9d',1,'',1272361086,0,0),(60,'twitter','415814103','172.16.1.3','左侧app 列表展开后 层的错位 是个大问题啊。不知道有没有什么必杀技搞定这个事情。','151d48f051e911dfaf85000c29d0ebbd',1,'',1272361159,0,0),(61,'twitter','415814103','172.16.1.3','我推 我推 我推推推','3ac27da051e911dfaf85000c29d0ebbd',1,'',1272361222,0,0),(62,'twitter','415814103','172.16.1.3','[惨不忍睹]','4271083251e911dfaf85000c29d0ebbd',1,'',1272361235,0,0),(63,'twitter','1105381929','172.16.1.3','哦哦','43c335a251e911dfaf85000c29d0ebbd',1,'',1272361237,0,0),(64,'twitter','1105381929','172.16.1.3','好的','4a161cbc51e911dfaf85000c29d0ebbd',1,'',1272361248,0,0),(65,'comment','415814103','172.16.1.3','这个头像有型','4c7323b5ef57063f5ca946ea727bd02e',1,'',1272361267,0,0),(66,'twitter','1217461921','172.16.1.1','为俄文为','23ad5ec651eb11dfaf85000c29d0ebbd',1,'',1272362043,0,0),(67,'twitter','1217461921','172.16.1.1','为俄文问问','2691eb0c51eb11dfaf85000c29d0ebbd',1,'',1272362047,0,0),(68,'twitter','1217462590','172.16.1.3','wewewewe','318f12be51eb11dfaf85000c29d0ebbd',1,'',1272362066,0,0),(69,'twitter','1217462590','172.16.1.3','wepwjepj wepj pwe jpwe','70d5b20c51eb11dfaf85000c29d0ebbd',1,'',1272362172,0,0),(70,'twitter','1217462590','172.16.1.1','pwejpwejpw','72c3b0fa51eb11dfaf85000c29d0ebbd',1,'',1272362175,0,0),(71,'twitter','1217462590','172.16.1.3','wpepwej p','744dd75251eb11dfaf85000c29d0ebbd',1,'',1272362178,0,0),(72,'twitter','1217462590','172.16.1.3','0we-ewi -','75b691ec51eb11dfaf85000c29d0ebbd',1,'',1272362180,0,0),(73,'message','1108391525','172.16.1.1','66666666taobao','',0,'2:666\n2:666\n2:666\n2:666\n2:666\n2:666',1272362545,0,0),(74,'message','1108391525','172.16.1.3','666666666666','',0,'2:666\n2:666\n2:666\n2:666\n2:666\n2:666\n2:666\n2:666\n2:666\n2:666',1272362580,0,0),(75,'twitter','110000308490','172.16.1.3','恭恭敬敬工','995df92c51ec11dfaf85000c29d0ebbd',1,'',1272362669,0,0),(76,'message','1108391525','172.16.1.1','FLGkkkkkk','',0,'2:flg',1272362703,0,0),(77,'twitter','110000308490','172.16.1.1','今天天气不错','b61ac41e51ec11dfaf85000c29d0ebbd',1,'',1272362718,0,0),(78,'twitter','110000308490','172.16.1.1','实时更新的感觉真好啊','c17b819051ec11dfaf85000c29d0ebbd',1,'',1272362737,0,0),(79,'twitter','110000308490','172.16.1.1','一款HTML5游戏引擎 - Aves','0a9b21f051ed11dfaf85000c29d0ebbd',0,'1:av',1272362859,0,0),(80,'twitter','110000308490','172.16.1.3','一款HTML5游戏引擎 - Aves','0d93781c51ed11dfaf85000c29d0ebbd',0,'1:av',1272362864,0,0),(81,'twitter','110000308490','172.16.1.1','一款HTML5游戏引擎 - A v e s','17aee81851ed11dfaf85000c29d0ebbd',1,'',1272362881,0,0),(82,'message','1108391525','172.16.1.1','FLG','',0,'2:flg',1272362946,0,0),(83,'twitter','13621672273','172.16.1.1','啊','af30f73451ee11dfaf85000c29d0ebbd',1,'',1272363565,0,0),(84,'twitter','13621672273','172.16.1.1','啊','b1a7829e51ee11dfaf85000c29d0ebbd',3,'',1272363569,0,0),(85,'twitter','13621672273','172.16.1.1','啊 啊','b42fe79a51ee11dfaf85000c29d0ebbd',1,'',1272363573,0,0),(86,'twitter','8061246','172.16.1.1','法轮','062ef3ec51ef11dfaf85000c29d0ebbd',0,'1:法轮',1272363711,0,0),(87,'twitter','8061246','172.16.1.1','工','1b9ec52c51ef11dfaf85000c29d0ebbd',1,'',1272363747,0,0),(88,'twitter','8061246','172.16.1.1','很帅','1f7e6c6051ef11dfaf85000c29d0ebbd',1,'',1272363753,0,0),(89,'twitter','1217462590','172.16.1.3','位评委颇为奖品为奖品为惧怕','99dc3aec51f311dfaf85000c29d0ebbd',1,'',1272365677,0,0),(90,'twitter','1217462590','172.16.1.1','为俄文为','cb54bf7c51f311dfaf85000c29d0ebbd',1,'',1272365760,0,0),(91,'twitter','1217462590','172.16.1.1','为二位奖品为惧怕','2dc2b96651f411dfaf85000c29d0ebbd',1,'',1272365925,0,0),(92,'twitter','1217462590','172.16.1.1','为俄文为','7394441e51f411dfaf85000c29d0ebbd',1,'',1272366042,0,0),(93,'twitter','1217462590','172.16.1.1','为俄文为','8248e6ea51f411dfaf85000c29d0ebbd',3,'',1272366067,0,0),(94,'twitter','1217462590','172.16.1.1','为俄文为','9d2ba0f651f411dfaf85000c29d0ebbd',3,'',1272366112,0,0),(95,'twitter','1217462590','172.16.1.1','为俄文为','ae757c7e51f411dfaf85000c29d0ebbd',3,'',1272366141,0,0),(96,'twitter','1217462590','172.16.1.1','为俄文为','d52783e451f411dfaf85000c29d0ebbd',1,'',1272366206,0,0),(97,'twitter','1217462590','172.16.1.1','为俄文为','e38d2c0451f411dfaf85000c29d0ebbd',3,'',1272366230,0,0),(98,'twitter','1217462590','172.16.1.3','位评委柯【文夔【','f34d9da451f411dfaf85000c29d0ebbd',1,'',1272366256,0,0),(99,'twitter','1217462590','172.16.1.1','我今儿评委评【','f58d15d651f411dfaf85000c29d0ebbd',1,'',1272366260,0,0),(100,'twitter','1217462590','172.16.1.1','惧怕','f81bee9e51f411dfaf85000c29d0ebbd',1,'',1272366264,0,0),(101,'twitter','1217462590','172.16.1.1','文凭我可怕【','0896fe9e51f511dfaf85000c29d0ebbd',1,'',1272366292,0,0),(102,'twitter','1217462590','172.16.1.3','二位评委儿科p','0c31881c51f511dfaf85000c29d0ebbd',1,'',1272366298,0,0),(103,'twitter','1217461921','172.16.1.3','问问','a53716ee51f511dfaf85000c29d0ebbd',1,'',1272366555,0,0),(104,'twitter','1217461921','172.16.1.3','为俄文为','a79b4b9e51f511dfaf85000c29d0ebbd',1,'',1272366559,0,0),(105,'twitter','1217461921','172.16.1.3','为俄文','a94ea3d251f511dfaf85000c29d0ebbd',1,'',1272366562,0,0),(106,'comment','1228379906','172.16.1.1','你好，jianjian 同学， 我加你为好友了。呵呵\n汇丰中国昨天发布声明称，为进一步加强执行国务院政策措施的力度，该行已全面停止三套房贷款，同时提高了一、二套房首付比例和贷款利率。而渣打银行、法兴银行等外资银行此前也已经宣布开始执行房贷新政。\n\n　　汇丰表示，该行的个人住房按揭贷款的绝大部分是对购买首套住房的客户，并配以严格的风险管控。\n\n　　法国兴业银行(28.85,-0.38,-1.30%)也表示，该行对房贷政策作出调整，并于本月20日开始执行新的房贷政策。\n\n　　住房新政·微博(http://t.sina.com.cn)\n\n　　收回开豪车者经适房\n\n　　梦龙2000：建议对所有经济适用','f2b2ce8ddc765a0c372bc1dc019167cd',1,'',1272366637,0,0),(107,'comment','1228379906','172.16.1.3','[开心][惨不忍睹][委屈][礼物][惊恐][坏笑][坏笑][咖啡]','1e8b3d754e97fc57440125c0abd07c62',1,'',1272366687,0,0),(108,'comment','1228379906','172.16.1.1','探讨探讨探讨探讨探讨探讨探讨探讨探讨探讨探讨探讨探讨探讨探讨探讨探讨探讨探讨探讨探讨探讨探讨探讨他探讨探讨探讨探讨探讨探讨探讨探讨探讨探讨探讨探讨探讨探讨探讨探讨探讨探讨探讨探讨探讨探讨探讨探讨他探讨探讨探讨探讨探讨探讨探讨','a06b3f273acd52108254331c5c4426d2',1,'',1272366707,0,0),(109,'comment','1217462590','172.16.1.1','而为问问','412d2b4b05a2e52f2eb4901e4eb21e9d',1,'',1272367616,0,0),(110,'comment','1217462590','172.16.1.1','儿微微','d73951d0e416f07d3fa78e90fe0eefdc',1,'',1272367618,0,0),(111,'comment','1217462590','172.16.1.1','为二位','99424da7130f2624d7f3a36619f59212',1,'',1272367620,0,0),(112,'comment','1217462590','172.16.1.1','儿微微','dfee566c8811082190a2812fe02f0207',1,'',1272367622,0,0),(113,'comment','1217462590','172.16.1.3','为俄文为','2742b4ed91e9c1ae652b2c785cb9fb77',1,'',1272367710,0,0),(114,'comment','1217462590','172.16.1.3','为二位','0df0a56b5aa248175f2491dab52ac05a',1,'',1272367712,0,0),(115,'comment','1217462590','172.16.1.1','为二位','a0686fea331567f0a5148095e9a392fd',1,'',1272367715,0,0),(116,'comment','1217462590','172.16.1.1','为二位','6822ad60d38b72547eefaa69465cd03e',1,'',1272367717,0,0),(117,'comment','1217462590','172.16.1.3','为俄文为','2eaa2cce8e60b0143271ba21a62fc2b8',1,'',1272367803,0,0),(118,'comment','1217462590','172.16.1.3','为俄文为','4ecd30ee70a36c4704aabb474ad443b7',1,'',1272367805,0,0),(119,'comment','1217462590','172.16.1.3','为二位','5571a5aa1c82cc762eacd7b89b6d18e4',1,'',1272367810,0,0),(120,'comment','1217462590','172.16.1.3','为二位','81e41d9eb1bd3c95f7698ae2f8ad1a1c',1,'',1272367812,0,0),(121,'comment','1217462590','172.16.1.3','为俄文为','97c52bc7d5336a31b6f11f0467802f07',1,'',1272367817,0,0),(122,'comment','1217462590','172.16.1.3','为二位','f41b1e2d4106f27ca1e104d481b01f71',1,'',1272367819,0,0),(123,'comment','1217462590','172.16.1.1',' 为二位 ','eec9ef2bb0ef3b814a468f01cb366d08',1,'',1272367822,0,0),(124,'comment','1217462590','172.16.1.1','为二位','9452ba47be6f260713690d15a6b282cc',1,'',1272367824,0,0),(125,'comment','1217462590','172.16.1.3','为二位','ea1c2c81a03df35c3afa11d5c3978faa',1,'',1272367826,0,0),(126,'comment','1217462590','172.16.1.3','问问','0148b0763cd8e5900e4b10622ee562d6',1,'',1272367828,0,0),(127,'comment','1217462590','172.16.1.3','为二位','e4aec63443cb2eeaffdaca859e440f23',1,'',1272367830,0,0),(128,'twitter','1217462590','172.16.1.3','转发推他：1','a65728a451f811dfaf85000c29d0ebbd',1,'',1272367845,0,0),(129,'twitter','1217462590','172.16.1.3','转发推他：2','a7ea443051f811dfaf85000c29d0ebbd',1,'',1272367848,0,0),(130,'twitter','1217462590','172.16.1.3','转发推他：3','a95812a251f811dfaf85000c29d0ebbd',1,'',1272367850,0,0),(131,'twitter','1217462590','172.16.1.1','转发推他：4','aadd0f1051f811dfaf85000c29d0ebbd',1,'',1272367853,0,0),(132,'twitter','1228379906','172.16.1.1','分享视频','ff6e40e451f811dfaf85000c29d0ebbd',0,'1:视频',1272367995,0,0),(133,'twitter','1228379906','172.16.1.1','分享视频','0212bec451f911dfaf85000c29d0ebbd',0,'1:视频',1272367999,0,0),(134,'twitter','1228379906','172.16.1.1','分享视频','02e15a6851f911dfaf85000c29d0ebbd',0,'1:视频',1272368000,0,0),(135,'twitter','1228379906','172.16.1.1','分享视频','0323f3d251f911dfaf85000c29d0ebbd',0,'1:视频',1272368001,0,0),(136,'twitter','1228379906','172.16.1.1','分享视频','0364c23651f911dfaf85000c29d0ebbd',0,'1:视频',1272368001,0,0),(137,'twitter','1228379906','172.16.1.1','分享视频','03a5c6f051f911dfaf85000c29d0ebbd',0,'1:视频',1272368002,0,0),(138,'twitter','1228379906','172.16.1.3','分享视频','03e712c251f911dfaf85000c29d0ebbd',0,'1:视频',1272368002,0,0),(139,'twitter','1228379906','172.16.1.1','分享视频','042752ce51f911dfaf85000c29d0ebbd',0,'1:视频',1272368003,0,0),(140,'twitter','1228379906','172.16.1.3','分享视频','0632652c51f911dfaf85000c29d0ebbd',0,'1:视频',1272368006,0,0),(141,'twitter','1192245617','172.16.1.3','[开心]','bb0be25251f911dfaf85000c29d0ebbd',1,'',1272368309,0,0),(142,'twitter','1192245617','172.16.1.3','[色]','e6e6645651f911dfaf85000c29d0ebbd',1,'',1272368383,0,0),(143,'comment','1192245617','172.16.1.3','panpantang [开心]','c1e603194b95f2c02108ffd01a4f1c24',1,'',1272368471,0,0),(144,'comment','1192245617','172.16.1.1','大家好， 我问问问问','1dc5c6a769d6d070d8ace880d47f14c0',1,'',1272368493,0,0),(145,'comment','544006004','172.16.1.3','凤姐 保佑你','ef21e4a38e093f253bb60e8c74ae476b',1,'',1272368702,0,0),(146,'comment','544006004','172.16.1.1','双双好啊','a3d007b9ddb5c48457c2f5f6213ff22c',1,'',1272368941,0,0),(147,'comment','1228379906','172.16.1.1','好帅的照片啊！','8224a376d74aa33ffb7dea4be194ba31',1,'',1272368994,0,0),(148,'comment','544006004','172.16.1.1','靠！！冒牌货','78ca0196a8fdff2ba264c9d5c3ccd3da',1,'',1272369340,0,0),(149,'comment','544006004','172.16.1.1','凤姐保佑你~~~~','1cb33fbdddc9ed29be313741a7b9ca67',1,'',1272369383,0,0),(150,'comment','544006004','172.16.1.3','wa','103f78f7a7465e1df583d7c70b79f21b',1,'',1272369419,0,0),(151,'twitter','544006004','172.16.1.1','hello','896956a051fc11dfaf85000c29d0ebbd',1,'',1272369515,0,0),(152,'twitter','1217461921','172.16.1.1','为俄文为','00318e4c51fd11dfaf85000c29d0ebbd',1,'',1272369714,0,0),(153,'twitter','1217461921','172.16.1.3','3###############','046d00e051fd11dfaf85000c29d0ebbd',1,'',1272369721,0,0);
/*!40000 ALTER TABLE `log` ENABLE KEYS */;
UNLOCK TABLES;

--
-- Table structure for table `pattern`
--

DROP TABLE IF EXISTS `pattern`;
/*!40101 SET @saved_cs_client     = @@character_set_client */;
/*!40101 SET character_set_client = utf8 */;
CREATE TABLE `pattern` (
  `pattern_id` int(11) NOT NULL auto_increment,
  `dict_id` int(11) NOT NULL default '0',
  `value` varchar(30) default NULL,
  PRIMARY KEY  (`pattern_id`)
) ENGINE=MyISAM AUTO_INCREMENT=8251 DEFAULT CHARSET=utf8;
/*!40101 SET character_set_client = @saved_cs_client */;

--
-- Dumping data for table `pattern`
--

LOCK TABLES `pattern` WRITE;
/*!40000 ALTER TABLE `pattern` DISABLE KEYS */;
INSERT INTO `pattern` VALUES (1,1,'007girls'),(2,1,'01'),(3,1,'01-1001-970010'),(4,1,'01-1763-991799'),(5,1,'13924224261'),(6,1,'15岁'),(7,1,'168adult'),(8,1,'168casino在线游戏'),(9,1,'16大'),(10,1,'18'),(11,1,'18adult'),(12,1,'18girl'),(13,1,'18yinwa'),(14,1,'18禁'),(15,1,'18岁'),(16,1,'1989'),(17,1,'1989年6月4日'),(18,1,'2001vcd'),(19,1,'2004中国媒体十大事件'),(20,1,'2008北京奥运法律框架报告'),(21,1,'2008年奥运会香港举办部分项目'),(22,1,'21世纪中国基金会'),(23,1,'365'),(24,1,'365ca'),(25,1,'365ca贴图'),(26,1,'365x'),(27,1,'365的新网址'),(28,1,'365论坛'),(29,1,'365情网'),(30,1,'365贴图'),(31,1,'365新地址'),(32,1,'365新论坛'),(33,1,'365新网站'),(34,1,'365新网址'),(35,1,'365新域名'),(36,1,'3movies'),(37,1,'4.25'),(38,1,'425'),(39,1,'518sex'),(40,1,'51xcn'),(41,1,'5898'),(42,1,'6-4tianwang'),(43,1,'6.4'),(44,1,'64'),(45,1,'666'),(46,1,'6F9'),(47,1,'6F9色情'),(48,1,'7.22'),(49,1,'722'),(50,1,'89'),(51,1,'89-64cdjp'),(52,1,'89动乱'),(53,1,'89风波'),(54,1,'89绝食'),(55,1,'89学生运动'),(56,1,'999real'),(57,1,'99bb'),(58,1,'a4u'),(59,1,'a4y'),(60,1,'adult'),(61,1,'amateur'),(62,1,'amateurs'),(63,1,'ameteur'),(64,1,'anal'),(65,1,'aotu'),(66,1,'asftool'),(67,1,'asiasex'),(68,1,'ass'),(69,1,'av'),(70,1,'avvcd'),(71,1,'av贴图'),(72,1,'a片'),(73,1,'badboy'),(74,1,'badgirl'),(75,1,'bignews'),(76,1,'blowjob'),(77,1,'blue8'),(78,1,'boxun'),(79,1,'boyvcd'),(80,1,'breast'),(81,1,'cherry'),(82,1,'chinaliberal'),(83,1,'chinamz'),(84,1,'chinesenewsnet'),(85,1,'cnd'),(86,1,'cock'),(87,1,'coition'),(88,1,'coitus'),(89,1,'creaders'),(90,1,'cum'),(91,1,'cunt'),(92,1,'dacankao'),(93,1,'dafa'),(94,1,'dajiyuan'),(95,1,'dfdz'),(96,1,'dick'),(97,1,'dildo'),(98,1,'dpp'),(99,1,'erotica'),(100,1,'falu'),(101,1,'falun'),(102,1,'falundafa'),(103,1,'falunfofa'),(104,1,'falungong'),(105,1,'fa轮'),(106,1,'fengsao'),(107,1,'flg'),(108,1,'freechina'),(109,1,'freedom'),(110,1,'freenet'),(111,1,'fuck'),(112,1,'gay'),(113,1,'gcd'),(114,1,'girl'),(115,1,'graphis'),(116,1,'g点'),(117,1,'g片'),(118,1,'hacker'),(119,1,'happysky'),(120,1,'hardcore'),(121,1,'hello.vbs'),(122,1,'hongzhi'),(123,1,'hot'),(124,1,'hotgirl'),(125,1,'hotsex'),(126,1,'hot辣女'),(127,1,'hrichina'),(128,1,'hschoolgirls'),(129,1,'huanet'),(130,1,'hustler'),(131,1,'hypermart.net'),(132,1,'h卡通'),(133,1,'III片'),(134,1,'incest'),(135,1,'japansweet'),(136,1,'japanvcd'),(137,1,'jdh35'),(138,1,'jdh35-ii'),(139,1,'jdh35ii'),(140,1,'jiangdongriji'),(141,1,'jsexcinema'),(142,1,'june4'),(143,1,'June4th'),(144,1,'kiss'),(145,1,'kitty'),(146,1,'lesbian'),(147,1,'lihongzhi'),(148,1,'lingerie'),(149,1,'love'),(150,1,'lryz'),(151,1,'making'),(152,1,'milf'),(153,1,'minghui'),(154,1,'minghuinews'),(155,1,'mmfan'),(156,1,'morok'),(157,1,'nacb'),(158,1,'naive'),(159,1,'naked'),(160,1,'nipple'),(161,1,'nmis'),(162,1,'nude'),(163,1,'paper64'),(164,1,'peacehall'),(165,1,'penis'),(166,1,'persian'),(167,1,'petgirl'),(168,1,'picture'),(169,1,'piss'),(170,1,'playboy'),(171,1,'porn'),(172,1,'porno'),(173,1,'pornography'),(174,1,'princeton'),(175,1,'pussy'),(176,1,'rape'),(177,1,'relaxbook'),(178,1,'renminbao'),(179,1,'renmingbao'),(180,1,'rfa'),(181,1,'safeweb'),(182,1,'secool'),(183,1,'seeder'),(184,1,'seekease'),(185,1,'seqing'),(186,1,'sex'),(187,1,'sexphoto'),(188,1,'sexual'),(189,1,'sexxx'),(190,1,'sexy'),(191,1,'simimi'),(192,1,'simple'),(193,1,'sm'),(194,1,'suck'),(195,1,'svdc'),(196,1,'taip'),(197,1,'taiwankiss'),(198,1,'teen'),(199,1,'tibetalk'),(200,1,'tits'),(201,1,'top555'),(202,1,'triangle'),(203,1,'triangleboy'),(204,1,'tw18'),(205,1,'ultrasurf'),(206,1,'unixbox'),(207,1,'ustibet'),(208,1,'vcd3000'),(209,1,'video'),(210,1,'virgin'),(211,1,'voa'),(212,1,'voachinese'),(213,1,'wangce'),(214,1,'wolala'),(215,1,'wstaiji'),(216,1,'www.dickbig.com/'),(217,1,'www.tevoortwis.net'),(218,1,'x'),(219,1,'x365'),(220,1,'x365x'),(221,1,'x365x. net新域名'),(222,1,'x365xbb'),(223,1,'x636'),(224,1,'xiaocankao'),(225,1,'xin'),(226,1,'xingjiao'),(227,1,'xx'),(228,1,'xxx'),(229,1,'xys'),(230,1,'xys2'),(231,1,'y28'),(232,1,'yanyong'),(233,1,'ytht'),(234,1,'yuming'),(235,1,'zhaoziyang'),(236,1,'zhengjian'),(237,1,'zhengjianwang'),(238,1,'zhenshanren'),(239,1,'zhuanfalun'),(240,1,'屄'),(241,1,'煉功'),(242,1,'《北京青年报》计划上市'),(243,1,'阿宾'),(244,1,'爱国运动'),(245,1,'爱国运动正名'),(246,1,'爱国者'),(247,1,'爱国者出盟网'),(248,1,'爱国者联盟网'),(249,1,'爱国者同盟'),(250,1,'爱国者同盟网'),(251,1,'爱妹妹'),(252,1,'爱情杀手'),(253,1,'爱液'),(254,1,'安全机关侦查权论'),(255,1,'安全厅'),(256,1,'安乡首富'),(257,1,'凹凸俱乐部'),(258,1,'八九'),(259,1,'八九民运'),(260,1,'八老'),(261,1,'巴赫'),(262,1,'拔出来'),(263,1,'罢工'),(264,1,'罢课'),(265,1,'白立朴'),(266,1,'白梦'),(267,1,'白皮书'),(268,1,'百家乐'),(269,1,'百莲凯骗子'),(270,1,'保钓'),(271,1,'保健'),(272,1,'保密电话机'),(273,1,'暴露狂'),(274,1,'暴乱'),(275,1,'暴政'),(276,1,'鲍戈'),(277,1,'鲍彤'),(278,1,'鲍鱼'),(279,1,'爆光'),(280,1,'北朝鲜'),(281,1,'北大静园的集会'),(282,1,'北大三角地论坛'),(283,1,'北韩'),(284,1,'北京当局'),(285,1,'北京对公务车试点改革'),(286,1,'北京反革命暴乱'),(287,1,'北京青年报'),(288,1,'北京青年报黑幕'),(289,1,'北京屠城'),(290,1,'北京雅宝大厦拒绝国人'),(291,1,'北京之春'),(292,1,'北美自由论坛'),(293,1,'避孕套'),(294,1,'变态'),(295,1,'变性'),(296,1,'波霸'),(297,1,'波波'),(298,1,'波路西'),(299,1,'波女'),(300,1,'博讯'),(301,1,'不夜猛男'),(302,1,'不贞'),(303,1,'踩江'),(304,1,'踩江鬼'),(305,1,'踩江图'),(306,1,'踩江游戏'),(307,1,'蔡崇国'),(308,1,'藏独'),(309,1,'操b'),(310,1,'操逼'),(311,1,'操逼电影'),(312,1,'操逼图'),(313,1,'操得'),(314,1,'操的'),(315,1,'操烂'),(316,1,'操你'),(317,1,'操屁'),(318,1,'操死'),(319,1,'操他'),(320,1,'操它'),(321,1,'操她'),(322,1,'操我'),(323,1,'操穴'),(324,1,'操丫'),(325,1,'曹长青'),(326,1,'厕所'),(327,1,'插b'),(328,1,'插得'),(329,1,'插的'),(330,1,'插进'),(331,1,'插你'),(332,1,'插屁'),(333,1,'插入'),(334,1,'插他'),(335,1,'插它'),(336,1,'插她'),(337,1,'插我'),(338,1,'插穴'),(339,1,'柴玲'),(340,1,'猖妓'),(341,1,'常劲'),(342,1,'长片'),(343,1,'朝河兰'),(344,1,'撤消关闭一塌糊涂'),(345,1,'陈炳基'),(346,1,'陈军'),(347,1,'陈良宇'),(348,1,'陈蒙'),(349,1,'陈破空'),(350,1,'陈希同'),(351,1,'陈小同'),(352,1,'陈宣良'),(353,1,'陈一谘'),(354,1,'陈总统'),(355,1,'成人'),(356,1,'成人小说'),(357,1,'程凯'),(358,1,'程铁军'),(359,1,'程真'),(360,1,'吃精'),(361,1,'持不同政见'),(362,1,'迟浩田'),(363,1,'赤匪'),(364,1,'赤化'),(365,1,'赤裸'),(366,1,'赤裸龙虎'),(367,1,'抽插'),(368,1,'雏妓'),(369,1,'处女'),(370,1,'传华建敏今讲话或出任证监会主席'),(371,1,'传兼任证监主席'),(372,1,'床上'),(373,1,'春宫'),(374,1,'春光荡漾'),(375,1,'春夏自由论坛'),(376,1,'春药'),(377,1,'催情药'),(378,1,'达赖'),(379,1,'打炮'),(380,1,'大便'),(381,1,'大波'),(382,1,'大参考'),(383,1,'大法'),(384,1,'大法弟子'),(385,1,'大放送'),(386,1,'大惑色迷城'),(387,1,'大鸡巴'),(388,1,'大纪元'),(389,1,'大纪元新闻网'),(390,1,'大纪元郑重申明'),(391,1,'大纪园'),(392,1,'大家论坛'),(393,1,'大露鲍鱼'),(394,1,'大陆娱乐黄站'),(395,1,'大奶'),(396,1,'大鸟'),(397,1,'大乳'),(398,1,'大史'),(399,1,'大史记'),(400,1,'大使记'),(401,1,'大王一条街'),(402,1,'大中国论坛'),(403,1,'大中华论坛'),(404,1,'大众真人真事'),(405,1,'戴相龙'),(406,1,'代理服务器'),(407,1,'弹劾'),(408,1,'荡妇'),(409,1,'荡女'),(410,1,'荡笑'),(411,1,'登辉'),(412,1,'邓笑贫'),(413,1,'迪里夏提'),(414,1,'底裤'),(415,1,'地下教会'),(416,1,'地下刊物'),(417,1,'地狱天使'),(418,1,'第三者'),(419,1,'第四代'),(420,1,'弟子'),(421,1,'电视流氓'),(422,1,'电影下载'),(423,1,'钓鱼岛'),(424,1,'调教'),(425,1,'丁关根'),(426,1,'丁元'),(427,1,'丁子霖'),(428,1,'顶级片'),(429,1,'顶级色片'),(430,1,'顶级色站'),(431,1,'东北独立'),(432,1,'东方红时空'),(433,1,'东方时空'),(434,1,'东京g点'),(435,1,'东南西北论谈'),(436,1,'东社'),(437,1,'东突流亡政府'),(438,1,'东土耳其斯坦'),(439,1,'东西南北论坛'),(440,1,'动乱'),(441,1,'动态网'),(442,1,'独裁'),(443,1,'独裁政治'),(444,1,'独夫'),(445,1,'独立台湾会'),(446,1,'赌博'),(447,1,'赌钱'),(448,1,'赌术'),(449,1,'杜导斌'),(450,1,'杜智富'),(451,1,'对北大某博士后的揭露'),(452,1,'对北京市政协委员张惟英女士的罢免提议'),(453,1,'多维'),(454,1,'堕落天使'),(455,1,'俄国'),(456,1,'俄罗斯尤甘斯克公司出售股份'),(457,1,'恶心网站'),(458,1,'发*功'),(459,1,'发*公'),(460,1,'发抡'),(461,1,'发抡功'),(462,1,'发轮'),(463,1,'发伦'),(464,1,'发伦功'),(465,1,'发论'),(466,1,'发论功'),(467,1,'发论公'),(468,1,'发情'),(469,1,'发正念'),(470,1,'发愣'),(471,1,'法*功'),(472,1,'法lun功'),(473,1,'法run功'),(474,1,'法口轮口功'),(475,1,'法抡'),(476,1,'法抡功'),(477,1,'法轮'),(478,1,'法轮大法好'),(479,1,'法伦'),(480,1,'法仑'),(481,1,'法论'),(482,1,'法十轮十功'),(483,1,'法谪'),(484,1,'法谪功'),(485,1,'法愣'),(486,1,'珐伦'),(487,1,'反对日本介入中国铁路工业'),(488,1,'反对日本介入中国铁路工业建设网络签名活动'),(489,1,'反封锁技术'),(490,1,'反腐败论坛'),(491,1,'反革命暴乱'),(492,1,'反革命动乱'),(493,1,'反攻'),(494,1,'反共'),(495,1,'反人类'),(496,1,'反社会'),(497,1,'方励之'),(498,1,'方舟子'),(499,1,'菲律宾将2004年公共服务奖授予蒋彦勇'),(500,1,'非法'),(501,1,'飞扬论坛'),(502,1,'肥奶'),(503,1,'废除劳教签名'),(504,1,'费良勇'),(505,1,'分家'),(506,1,'分家在'),(507,1,'分家在十月'),(508,1,'分裂'),(509,1,'粉饰太平'),(510,1,'封从德'),(511,1,'封杀'),(512,1,'风流'),(513,1,'风艳阁'),(514,1,'风雨神州'),(515,1,'风雨神州论坛'),(516,1,'冯东海'),(517,1,'冯素英'),(518,1,'佛展千手法'),(519,1,'腐败'),(520,1,'傅申奇'),(521,1,'傅志寰'),(522,1,'付申奇'),(523,1,'干你'),(524,1,'干你娘'),(525,1,'干炮'),(526,1,'肛交'),(527,1,'肛门'),(528,1,'肛温'),(529,1,'高跟鞋'),(530,1,'高官'),(531,1,'高文谦'),(532,1,'高薪养廉'),(533,1,'高瞻'),(534,1,'高自联'),(535,1,'歌功颂德'),(536,1,'歌星'),(537,1,'戈扬'),(538,1,'鸽派'),(539,1,'蛤蟆'),(540,1,'个人崇拜'),(541,1,'给你爽'),(542,1,'更衣'),(543,1,'工潮'),(544,1,'工党'),(545,1,'工自联'),(546,1,'功法'),(547,1,'公审江泽民'),(548,1,'公审李鹏'),(549,1,'共产'),(550,1,'共党'),(551,1,'共匪'),(552,1,'共狗'),(553,1,'共和国卫士'),(554,1,'共军'),(555,1,'狗腿子'),(556,1,'古北口镇口蹄疫'),(557,1,'关于足球与宪政建设的思考'),(558,1,'关站事致北大校长书'),(559,1,'关卓中'),(560,1,'灌肠'),(561,1,'贯通两极法'),(562,1,'广闻'),(563,1,'龟头'),(564,1,'郭罗基'),(565,1,'郭平'),(566,1,'郭岩华'),(567,1,'国安松江分局副局长'),(568,1,'国家安全'),(569,1,'国家安全机关侦查权论'),(570,1,'国家机密'),(571,1,'国军'),(572,1,'国母'),(573,1,'国内联赛赌球'),(574,1,'国内铁路机动车组招标事件'),(575,1,'国贼'),(576,1,'裹本'),(577,1,'韩东方'),(578,1,'韩联潮'),(579,1,'汉风'),(580,1,'汉回'),(581,1,'汉奸'),(582,1,'汉源'),(583,1,'汉源瀑布沟'),(584,1,'杭州市国家安全局团委'),(585,1,'郝演苏'),(586,1,'好嫩'),(587,1,'好死不如赖活着'),(588,1,'核武器从这里悄悄诞生'),(589,1,'何德普'),(590,1,'合成照'),(591,1,'合欢散'),(592,1,'河殇'),(593,1,'黑客'),(594,1,'黑马'),(595,1,'黑软'),(596,1,'狠插'),(597,1,'洪传'),(598,1,'洪爷'),(599,1,'洪吟'),(600,1,'洪哲胜'),(601,1,'洪志'),(602,1,'宏法'),(603,1,'红朝谎言录'),(604,1,'红灯区'),(605,1,'红色恐怖'),(606,1,'后宫'),(607,1,'后宫电影'),(608,1,'后庭'),(609,1,'胡长安'),(610,1,'胡紧掏'),(611,1,'胡锦涛'),(612,1,'胡锦滔'),(613,1,'胡锦淘'),(614,1,'胡景涛'),(615,1,'胡平'),(616,1,'胡耀邦'),(617,1,'护法'),(618,1,'花和尚'),(619,1,'花和尚论坛'),(620,1,'花花公子'),(621,1,'华建敏'),(622,1,'华建敏将兼任证监会主席'),(623,1,'华建敏任中国证监会主席'),(624,1,'华通时事论坛'),(625,1,'华夏文摘'),(626,1,'华语世界论坛'),(627,1,'华岳时事论坛'),(628,1,'欢欢娱乐时空'),(629,1,'欢乐搜寻'),(630,1,'欢乐性今宵'),(631,1,'换妻'),(632,1,'黄慈萍'),(633,1,'黄祸'),(634,1,'黄金高'),(635,1,'黄菊'),(636,1,'黄菊　'),(637,1,'黄色'),(638,1,'黄网'),(639,1,'黄翔'),(640,1,'黄站'),(641,1,'回汉'),(642,1,'回良玉'),(643,1,'回良玉谣言'),(644,1,'回民'),(645,1,'回民暴动'),(646,1,'悔过书'),(647,1,'慧网'),(648,1,'会员精粹区'),(649,1,'火辣图片'),(650,1,'基督'),(651,1,'积克馆'),(652,1,'激情'),(653,1,'激情电影'),(654,1,'激情图片'),(655,1,'激情自拍'),(656,1,'鸡吧'),(657,1,'鸡八'),(658,1,'鸡巴'),(659,1,'鸡奸'),(660,1,'鸡毛信文汇'),(661,1,'姬胜德'),(662,1,'极度色坛'),(663,1,'极度图库'),(664,1,'极品波霸'),(665,1,'极品女孩'),(666,1,'集会'),(667,1,'集权接掌请愿书'),(668,1,'冀州市医疗器材'),(669,1,'妓女'),(670,1,'妓院'),(671,1,'纪念六四'),(672,1,'贾庆林'),(673,1,'贾廷安'),(674,1,'贾育台'),(675,1,'尖阁'),(676,1,'奸'),(677,1,'奸夫'),(678,1,'奸淫'),(679,1,'奸幼'),(680,1,'贱男'),(681,1,'建国党'),(682,1,'僵贼'),(683,1,'僵贼民'),(684,1,'姜春云'),(685,1,'将则民'),(686,1,'江core'),(687,1,'江x民'),(688,1,'江ze民'),(689,1,'江澤民'),(690,1,'江八点'),(691,1,'江羅'),(692,1,'江流氓'),(693,1,'江罗'),(694,1,'江罗集团'),(695,1,'江卖国'),(696,1,'江绵恒'),(697,1,'江棋生'),(698,1,'江青'),(699,1,'江十泽十民'),(700,1,'江氏集团'),(701,1,'江苏省党政一把手'),(702,1,'江苏省道路安全条例'),(703,1,'江苏省道路交通安全条例'),(704,1,'江苏省道路交通条例'),(705,1,'江戏子'),(706,1,'江则民'),(707,1,'江泽慧'),(708,1,'江泽民'),(709,1,'江泽明'),(710,1,'江贼民'),(711,1,'江折民'),(712,1,'江猪'),(713,1,'江猪媳'),(714,1,'江主席'),(715,1,'江屙民'),(716,1,'疆独'),(717,1,'蒋彦永上书'),(718,1,'蒋彦勇上书'),(719,1,'讲法'),(720,1,'酱猪媳'),(721,1,'焦国标'),(722,1,'交班'),(723,1,'交合'),(724,1,'交换夫妻'),(725,1,'交友'),(726,1,'教养院'),(727,1,'叫床'),(728,1,'揭批书'),(729,1,'接班'),(730,1,'解封'),(731,1,'戒严部队'),(732,1,'金瓶梅'),(733,1,'金尧如'),(734,1,'金之鹰'),(735,1,'锦涛'),(736,1,'锦州交行'),(737,1,'禁果'),(738,1,'禁看'),(739,1,'禁片'),(740,1,'禁区'),(741,1,'近亲相奸'),(742,1,'劲爆'),(743,1,'精气'),(744,1,'精液'),(745,1,'经文'),(746,1,'警民冲突'),(747,1,'静坐'),(748,1,'九评'),(749,1,'九评共产党'),(750,1,'九评中共'),(751,1,'菊花蕾'),(752,1,'巨乳'),(753,1,'绝色'),(754,1,'绝食'),(755,1,'军队'),(756,1,'军港物资补给车'),(757,1,'开放杂志'),(758,1,'看日本人卖给了我们什么'),(759,1,'看中国'),(760,1,'抗议'),(761,1,'控制媒体'),(762,1,'抠女'),(763,1,'口交'),(764,1,'口内爆浆'),(765,1,'口淫'),(766,1,'裤袜'),(767,1,'拉拉俱乐部'),(768,1,'辣妹'),(769,1,'辣女'),(770,1,'狼友'),(771,1,'浪女'),(772,1,'浪笑'),(773,1,'浪穴'),(774,1,'劳动教养所'),(775,1,'劳改'),(776,1,'劳教'),(777,1,'老汉推车'),(778,1,'老毛'),(779,1,'老人政治'),(780,1,'黎安友'),(781,1,'理想信念追求'),(782,1,'李长春'),(783,1,'李大师'),(784,1,'李登辉'),(785,1,'李洪宽'),(786,1,'李宏志'),(787,1,'李红痔'),(788,1,'李兰菊'),(789,1,'李老师'),(790,1,'李禄'),(791,1,'李录'),(792,1,'李鹏'),(793,1,'李契克告中国人民解放军广大官兵书'),(794,1,'李瑞环'),(795,1,'李少民'),(796,1,'李淑娴'),(797,1,'李旺阳'),(798,1,'李文斌'),(799,1,'李晓华'),(800,1,'李小朋'),(801,1,'李小鹏'),(802,1,'李月月鸟'),(803,1,'李志绥'),(804,1,'李总理'),(805,1,'李总统'),(806,1,'李岚清'),(807,1,'丽人'),(808,1,'联席'),(809,1,'联总'),(810,1,'连胜德'),(811,1,'廉政'),(812,1,'廉政大论坛'),(813,1,'恋发癖'),(814,1,'恋物癖'),(815,1,'炼功'),(816,1,'梁擎墩'),(817,1,'良格'),(818,1,'良玉'),(819,1,'两岸关系'),(820,1,'两岸三地论坛'),(821,1,'两个中国'),(822,1,'两全其美'),(823,1,'林保华'),(824,1,'林长盛'),(825,1,'林慎立'),(826,1,'林樵清'),(827,1,'凌锋'),(828,1,'刘宾深'),(829,1,'刘宾雁'),(830,1,'刘刚'),(831,1,'刘国凯'),(832,1,'刘华清'),(833,1,'刘俊国'),(834,1,'刘凯中'),(835,1,'刘千石'),(836,1,'刘青'),(837,1,'刘山青'),(838,1,'刘士贤'),(839,1,'刘文胜'),(840,1,'刘晓波'),(841,1,'刘晓竹'),(842,1,'刘亦菲泳装写真集'),(843,1,'刘永川'),(844,1,'流亡'),(845,1,'六.四'),(846,1,'六四'),(847,1,'六四参加者回忆录'),(848,1,'六四的悲惨事件'),(849,1,'六四事件'),(850,1,'六四屠杀'),(851,1,'六四学生爱国运动正名'),(852,1,'六四血卡'),(853,1,'龙虎豹'),(854,1,'龙卷风'),(855,1,'卢跃刚'),(856,1,'露点'),(857,1,'露三点'),(858,1,'露穴'),(859,1,'露穴图'),(860,1,'露阴痞'),(861,1,'陆委会'),(862,1,'吕京花'),(863,1,'吕秀莲'),(864,1,'乱伦'),(865,1,'乱片'),(866,1,'掠夺'),(867,1,'轮暴'),(868,1,'轮大'),(869,1,'轮功'),(870,1,'轮奸'),(871,1,'轮盘'),(872,1,'伦功'),(873,1,'论小说'),(874,1,'罗干'),(875,1,'罗礼诗'),(876,1,'罗伟凡'),(877,1,'裸露'),(878,1,'裸女'),(879,1,'裸女图片'),(880,1,'裸体'),(881,1,'裸体图片'),(882,1,'裸图'),(883,1,'裸照'),(884,1,'妈的'),(885,1,'马大维'),(886,1,'马良骏'),(887,1,'马三家'),(888,1,'马时敏'),(889,1,'买春'),(890,1,'卖春'),(891,1,'卖国'),(892,1,'卖淫'),(893,1,'毛厕洞'),(894,1,'毛片'),(895,1,'毛泽东与张玉凤同居'),(896,1,'毛贼东'),(897,1,'么么蜜'),(898,1,'梅俊林'),(899,1,'美国参考'),(900,1,'美国之音'),(901,1,'美眉'),(902,1,'美女'),(903,1,'美人'),(904,1,'美乳'),(905,1,'美少女'),(906,1,'美腿'),(907,1,'美穴'),(908,1,'妹妹'),(909,1,'妹妹裸体'),(910,1,'妹妹阴毛'),(911,1,'媚术'),(912,1,'媚外'),(913,1,'媚药'),(914,1,'蒙独'),(915,1,'蒙古独立'),(916,1,'猛插'),(917,1,'猛男'),(918,1,'迷奸'),(919,1,'迷药'),(920,1,'米秀萍'),(921,1,'密处'),(922,1,'密穴'),(923,1,'密云彩虹桥'),(924,1,'棉被自慰'),(925,1,'绵恒'),(926,1,'免费A片'),(927,1,'免费小电影'),(928,1,'民国'),(929,1,'民进党'),(930,1,'民联'),(931,1,'民意'),(932,1,'民意论坛'),(933,1,'民运'),(934,1,'民阵'),(935,1,'民猪'),(936,1,'民主'),(937,1,'民主墙'),(938,1,'民主运动'),(939,1,'民族'),(940,1,'民族矛盾'),(941,1,'明慧'),(942,1,'明惠'),(943,1,'模特'),(944,1,'摩洛客'),(945,1,'莫伟强'),(946,1,'木犀地'),(947,1,'木子论坛'),(948,1,'奶子'),(949,1,'南大自由论坛'),(950,1,'男人乐园'),(951,1,'男性'),(952,1,'难民'),(953,1,'闹事'),(954,1,'内裤'),(955,1,'内视特写'),(956,1,'内衣'),(957,1,'嫩b'),(958,1,'嫩女孩'),(959,1,'嫩穴'),(960,1,'倪育贤'),(961,1,'你妈'),(962,1,'你说我说论坛'),(963,1,'匿名代理'),(964,1,'捏弄'),(965,1,'弄那里'),(966,1,'女港商坚持国人身份被打'),(967,1,'女人身体'),(968,1,'女色'),(969,1,'女生'),(970,1,'女体'),(971,1,'女王'),(972,1,'女性'),(973,1,'女医生'),(974,1,'女优'),(975,1,'虐待'),(976,1,'虐恋'),(977,1,'潘国平'),(978,1,'盘口'),(979,1,'盼港参与承办北京奥运项目'),(980,1,'炮打中宣部'),(981,1,'泡沫经济'),(982,1,'赔率'),(983,1,'平反六四'),(984,1,'评共产党'),(985,1,'破解'),(986,1,'迫害'),(987,1,'瀑布沟'),(988,1,'齐墨'),(989,1,'祁建'),(990,1,'千分色'),(991,1,'钱达'),(992,1,'钱国梁'),(993,1,'钱其琛'),(994,1,'欠操'),(995,1,'强暴'),(996,1,'强奸'),(997,1,'抢粮记'),(998,1,'乔石'),(999,1,'钦本立'),(1000,1,'侵犯'),(1001,1,'亲美'),(1002,1,'亲日'),(1003,1,'秦晋'),(1004,1,'秦永敏'),(1005,1,'青天白日旗'),(1006,1,'轻舟快讯'),(1007,1,'清理上访人员的工作'),(1008,1,'情爱'),(1009,1,'情妇'),(1010,1,'情趣用品'),(1011,1,'情色'),(1012,1,'情色论坛'),(1013,1,'情挑'),(1014,1,'情欲'),(1015,1,'庆红'),(1016,1,'穷人'),(1017,1,'全裸'),(1018,1,'全球公审江泽民'),(1019,1,'全身光溜溜'),(1020,1,'裙下风光'),(1021,1,'群交'),(1022,1,'群体灭绝'),(1023,1,'热比娅'),(1024,1,'热站政论网'),(1025,1,'人民报'),(1026,1,'人民内情真相'),(1027,1,'人民真实'),(1028,1,'人民之声论坛'),(1029,1,'人权'),(1030,1,'人兽'),(1031,1,'人兽交'),(1032,1,'人体'),(1033,1,'人妖'),(1034,1,'人与兽乱交图片'),(1035,1,'任常霞局长牺牲黑幕'),(1036,1,'任长霞局长牺牲黑幕'),(1037,1,'任长霞局牺牲黑幕'),(1038,1,'日本妹'),(1039,1,'日本女孩'),(1040,1,'日本甜心'),(1041,1,'日内瓦金融'),(1042,1,'肉棒'),(1043,1,'肉蒲团'),(1044,1,'肉穴'),(1045,1,'肉欲'),(1046,1,'如厕'),(1047,1,'如何推翻中共'),(1048,1,'乳房'),(1049,1,'乳沟'),(1050,1,'乳交'),(1051,1,'乳头'),(1052,1,'瑞士金融大学'),(1053,1,'塞蒙'),(1054,1,'三点'),(1055,1,'三个代表'),(1056,1,'三级'),(1057,1,'三条腿'),(1058,1,'叁级'),(1059,1,'骚'),(1060,1,'骚姐姐'),(1061,1,'色宝贝'),(1062,1,'色豹'),(1063,1,'色狐'),(1064,1,'色虎'),(1065,1,'色即是空'),(1066,1,'色界'),(1067,1,'色狼'),(1068,1,'色郎'),(1069,1,'色猫'),(1070,1,'色迷城'),(1071,1,'色迷迷'),(1072,1,'色魔'),(1073,1,'色男俱乐部'),(1074,1,'色女'),(1075,1,'色女帝国'),(1076,1,'色情'),(1077,1,'色情小说'),(1078,1,'色请'),(1079,1,'色区'),(1080,1,'色书库'),(1081,1,'色搜索'),(1082,1,'色图'),(1083,1,'色网'),(1084,1,'色网书库'),(1085,1,'色友'),(1086,1,'色域'),(1087,1,'色欲'),(1088,1,'色之图库'),(1089,1,'傻逼'),(1090,1,'山东大学王小云教授'),(1091,1,'山东大学王小云教授公成破解MD5算法'),(1092,1,'山西证卷大案'),(1093,1,'善恶有报'),(1094,1,'善忍'),(1095,1,'上床'),(1096,1,'上访'),(1097,1,'上海帮'),(1098,1,'上海孤儿院'),(1099,1,'上书'),(1100,1,'少女乐园'),(1101,1,'少女写真'),(1102,1,'邵家健'),(1103,1,'射精'),(1104,1,'射颜'),(1105,1,'射在子宫'),(1106,1,'深插'),(1107,1,'神通加持法'),(1108,1,'沈浩波'),(1109,1,'沈彤'),(1110,1,'审江大联盟'),(1111,1,'生殖器'),(1112,1,'升天'),(1113,1,'盛华仁'),(1114,1,'盛雪'),(1115,1,'师父'),(1116,1,'师生恋'),(1117,1,'失身'),(1118,1,'失业'),(1119,1,'十八禁'),(1120,1,'十八摸'),(1121,1,'石戈'),(1122,1,'时代论坛'),(1123,1,'时事论坛'),(1124,1,'示爱'),(1125,1,'世界经济导报'),(1126,1,'事实独立'),(1127,1,'释放蒋彦永'),(1128,1,'视频'),(1129,1,'视频语音聊天室'),(1130,1,'收容所'),(1131,1,'收容所亲历记'),(1132,1,'手淫'),(1133,1,'受禁'),(1134,1,'兽奸'),(1135,1,'兽交'),(1136,1,'兽欲'),(1137,1,'梳头'),(1138,1,'熟女'),(1139,1,'数据中国'),(1140,1,'双十节'),(1141,1,'双性恋'),(1142,1,'水扁'),(1143,1,'税力'),(1144,1,'斯诺'),(1145,1,'司马晋'),(1146,1,'司马璐'),(1147,1,'司徒华'),(1148,1,'死亡名单'),(1149,1,'四川独立'),(1150,1,'四川汉源'),(1151,1,'四川乐山市田玉飞'),(1152,1,'四川瀑布沟水库'),(1153,1,'四川审计事件'),(1154,1,'宋xx'),(1155,1,'宋法棠'),(1156,1,'宋平'),(1157,1,'宋书元'),(1158,1,'宋祖英'),(1159,1,'苏绍智'),(1160,1,'苏晓康'),(1161,1,'素人'),(1162,1,'塌'),(1163,1,'台独'),(1164,1,'台盟'),(1165,1,'台湾18成人网'),(1166,1,'台湾独立'),(1167,1,'台湾共和国'),(1168,1,'台湾狗'),(1169,1,'台湾建国运动组织'),(1170,1,'台湾青年独立联盟'),(1171,1,'台湾政论区'),(1172,1,'台湾自由联盟'),(1173,1,'太子党'),(1174,1,'贪污'),(1175,1,'汤光中'),(1176,1,'唐柏桥'),(1177,1,'唐捷'),(1178,1,'桃花源记'),(1179,1,'桃色'),(1180,1,'桃色迷情'),(1181,1,'陶驷驹'),(1182,1,'讨伐教育部'),(1183,1,'讨伐中宣部'),(1184,1,'天安'),(1185,1,'天安门'),(1186,1,'天安门残案'),(1187,1,'天安门大屠杀'),(1188,1,'天安门录影带'),(1189,1,'天安门母亲'),(1190,1,'天安门事件'),(1191,1,'天安门屠城'),(1192,1,'天安门屠杀'),(1193,1,'天安门一代'),(1194,1,'天安门真相'),(1195,1,'天怒'),(1196,1,'天葬'),(1197,1,'舔'),(1198,1,'舔脚'),(1199,1,'挑逗'),(1200,1,'同居'),(1201,1,'同盟'),(1202,1,'同性'),(1203,1,'同性恋电影'),(1204,1,'同志网站'),(1205,1,'童屹'),(1206,1,'统独'),(1207,1,'统独论坛'),(1208,1,'统战'),(1209,1,'痛打中宣部'),(1210,1,'痛经'),(1211,1,'痛死我了'),(1212,1,'偷尝禁果'),(1213,1,'偷窥'),(1214,1,'偷拍'),(1215,1,'偷情'),(1216,1,'透明装'),(1217,1,'透视照'),(1218,1,'突破网禁'),(1219,1,'脱瀑'),(1220,1,'脱衣'),(1221,1,'娃哈哈超标'),(1222,1,'瓦良格'),(1223,1,'外交论坛'),(1224,1,'外交与方略'),(1225,1,'外遇'),(1226,1,'玩少女贴图'),(1227,1,'晚年周恩来'),(1228,1,'万润南'),(1229,1,'万维读者论坛'),(1230,1,'万晓东'),(1231,1,'万州暴动'),(1232,1,'汪岷'),(1233,1,'王宝森'),(1234,1,'王炳章'),(1235,1,'王策'),(1236,1,'王超华'),(1237,1,'王丹'),(1238,1,'王辅臣'),(1239,1,'王刚'),(1240,1,'王涵万'),(1241,1,'王沪宁'),(1242,1,'王军涛'),(1243,1,'王力雄'),(1244,1,'王瑞林'),(1245,1,'王润生'),(1246,1,'王若望'),(1247,1,'王希哲'),(1248,1,'王小丫'),(1249,1,'王秀丽'),(1250,1,'王冶坪'),(1251,1,'王振华'),(1252,1,'网络图霸'),(1253,1,'网上情人'),(1254,1,'网特'),(1255,1,'伟哥'),(1256,1,'未成年少女'),(1257,1,'魏京生'),(1258,1,'魏新生'),(1259,1,'尉健行'),(1260,1,'温家宝'),(1261,1,'温元凯'),(1262,1,'文革'),(1263,1,'我操'),(1264,1,'我日'),(1265,1,'我是回民'),(1266,1,'我在收容所的九天九夜'),(1267,1,'无极社区'),(1268,1,'无界流览器'),(1269,1,'无界漫游'),(1270,1,'无界浏览'),(1271,1,'无界浏览器'),(1272,1,'无码'),(1273,1,'无助的妻子'),(1274,1,'吾尔开西'),(1275,1,'吾尔开希'),(1276,1,'吴百益'),(1277,1,'吴方城'),(1278,1,'吴官正'),(1279,1,'吴宏达'),(1280,1,'吴弘达'),(1281,1,'吴仁华'),(1282,1,'吴学灿'),(1283,1,'吴学璨'),(1284,1,'吴仪'),(1285,1,'五不'),(1286,1,'午夜女郎'),(1287,1,'伍凡'),(1288,1,'西安游行'),(1289,1,'西藏'),(1290,1,'西藏独立'),(1291,1,'西洋特优'),(1292,1,'吸精'),(1293,1,'吸精少女'),(1294,1,'稀见'),(1295,1,'稀见史料'),(1296,1,'希虎'),(1297,1,'习近平'),(1298,1,'洗脑'),(1299,1,'洗澡'),(1300,1,'下半身'),(1301,1,'下岗'),(1302,1,'下流地带'),(1303,1,'下体'),(1304,1,'下注'),(1305,1,'仙霞路'),(1306,1,'咸湿'),(1307,1,'香港性网'),(1308,1,'香港有望承办'),(1309,1,'香港有望承办2008奥运马术比赛'),(1310,1,'香港有望承办2008北京奥运马术赛'),(1311,1,'香港有望举办部分奥运项目'),(1312,1,'项怀诚'),(1313,1,'项小吉'),(1314,1,'向65'),(1315,1,'小便'),(1316,1,'小参考'),(1317,1,'小电影'),(1318,1,'小洞'),(1319,1,'小黄'),(1320,1,'小龙女'),(1321,1,'小心肝'),(1322,1,'小穴'),(1323,1,'小淫虫'),(1324,1,'小泽圆电影'),(1325,1,'小猪娱乐'),(1326,1,'肖强'),(1327,1,'邪恶'),(1328,1,'写真'),(1329,1,'械斗'),(1330,1,'谢长廷'),(1331,1,'谢选骏'),(1332,1,'谢中之'),(1333,1,'辛灏年'),(1334,1,'新观察论坛'),(1335,1,'新华举报'),(1336,1,'新华内情'),(1337,1,'新华通论坛'),(1338,1,'新疆独立'),(1339,1,'新生网'),(1340,1,'新唐人电视台'),(1341,1,'新闻封锁'),(1342,1,'新语丝'),(1343,1,'心藏大恶'),(1344,1,'信用危机'),(1345,1,'邢铮'),(1346,1,'性爱'),(1347,1,'性伴侣'),(1348,1,'性保健'),(1349,1,'性暴力'),(1350,1,'性变态'),(1351,1,'性犯罪'),(1352,1,'性福街'),(1353,1,'性福联盟'),(1354,1,'性感'),(1355,1,'性高潮'),(1356,1,'性虎'),(1357,1,'性饥渴'),(1358,1,'性技巧'),(1359,1,'性交'),(1360,1,'性教育'),(1361,1,'性虐待'),(1362,1,'性派队'),(1363,1,'性派对'),(1364,1,'性生活'),(1365,1,'性搜网'),(1366,1,'性图片'),(1367,1,'性网站'),(1368,1,'性文学'),(1369,1,'性息'),(1370,1,'性小说'),(1371,1,'性行为'),(1372,1,'性知识'),(1373,1,'胸部'),(1374,1,'熊炎'),(1375,1,'熊焱'),(1376,1,'修炼'),(1377,1,'徐邦秦'),(1378,1,'徐国健'),(1379,1,'徐匡迪'),(1380,1,'徐水良'),(1381,1,'徐文立'),(1382,1,'许家屯'),(1383,1,'许智勇'),(1384,1,'裏本'),(1385,1,'薛伟'),(1386,1,'学潮'),(1387,1,'学联'),(1388,1,'学生爱国者运动'),(1389,1,'学生妹'),(1390,1,'学生妹s'),(1391,1,'学习班'),(1392,1,'学运'),(1393,1,'学自联'),(1394,1,'雪山狮子'),(1395,1,'血洒天安门'),(1396,1,'勋章'),(1397,1,'寻春园'),(1398,1,'雅宝大厦拒绝国人'),(1399,1,'亚交'),(1400,1,'亚情'),(1401,1,'亚热'),(1402,1,'亚洲波霸'),(1403,1,'亚洲博彩网站'),(1404,1,'亚洲全裸网'),(1405,1,'亚洲性虐'),(1406,1,'亚洲自由之声'),(1407,1,'严家其'),(1408,1,'严家祺'),(1409,1,'言情小说'),(1410,1,'颜射'),(1411,1,'阎明复'),(1412,1,'艳丽a级'),(1413,1,'艳情小说'),(1414,1,'艳舞'),(1415,1,'艳遇'),(1416,1,'央视内部晚会'),(1417,1,'杨怀安'),(1418,1,'杨建利'),(1419,1,'杨巍'),(1420,1,'杨月清'),(1421,1,'杨周'),(1422,1,'阳部'),(1423,1,'阳具'),(1424,1,'姚月谦'),(1425,1,'野狼帝国'),(1426,1,'野苹果'),(1427,1,'夜话紫禁城'),(1428,1,'夜幕下的上海滩'),(1429,1,'夜生活'),(1430,1,'一个令中国人发抖的名字'),(1431,1,'一句新语传真情'),(1432,1,'一句心语传真情'),(1433,1,'一塌'),(1434,1,'一塌糊涂'),(1435,1,'一塔湖图'),(1436,1,'一蹋'),(1437,1,'一蹋糊涂'),(1438,1,'一踏糊涂'),(1439,1,'一夜欢'),(1440,1,'一夜情'),(1441,1,'一中一台'),(1442,1,'倚花宫'),(1443,1,'以下'),(1444,1,'易丹轩'),(1445,1,'易志熹'),(1446,1,'易装癖'),(1447,1,'亦凡'),(1448,1,'义解'),(1449,1,'议会立宪'),(1450,1,'异见人士'),(1451,1,'异性'),(1452,1,'异议人士'),(1453,1,'阴部'),(1454,1,'阴唇'),(1455,1,'阴道'),(1456,1,'阴蒂'),(1457,1,'阴核'),(1458,1,'阴户'),(1459,1,'阴茎'),(1460,1,'阴毛'),(1461,1,'淫'),(1462,1,'淫荡'),(1463,1,'淫客帝国'),(1464,1,'淫妹'),(1465,1,'淫书'),(1466,1,'淫水'),(1467,1,'淫图'),(1468,1,'淫网'),(1469,1,'淫香书院'),(1470,1,'淫穴'),(1471,1,'淫液'),(1472,1,'淫汁'),(1473,1,'尹庆民'),(1474,1,'鹰派'),(1475,1,'应召'),(1476,1,'由喜贵'),(1477,1,'游行'),(1478,1,'有害气功'),(1479,1,'诱惑'),(1480,1,'幼齿'),(1481,1,'幼交'),(1482,1,'幼女'),(1483,1,'幼图'),(1484,1,'于大海'),(1485,1,'于浩成'),(1486,1,'舆论'),(1487,1,'舆论反制'),(1488,1,'余英时'),(1489,1,'娱乐黄站'),(1490,1,'与兽'),(1491,1,'宇明网'),(1492,1,'玉女'),(1493,1,'欲火'),(1494,1,'欲望'),(1495,1,'援交'),(1496,1,'援助交际'),(1497,1,'圆满'),(1498,1,'远志明'),(1499,1,'岳武'),(1500,1,'月宫'),(1501,1,'在十月'),(1502,1,'暂住人员住房问题'),(1503,1,'暂住人员住房问题研究'),(1504,1,'早泄'),(1505,1,'择民'),(1506,1,'泽民'),(1507,1,'贼民1'),(1508,1,'曾培炎'),(1509,1,'曾庆红'),(1510,1,'张伯笠'),(1511,1,'张存浩'),(1512,1,'张钢'),(1513,1,'张宏堡'),(1514,1,'张健'),(1515,1,'张林'),(1516,1,'张默与邓婕的秘密'),(1517,1,'张万年'),(1518,1,'张惟英'),(1519,1,'张伟国'),(1520,1,'张文英'),(1521,1,'张文岳'),(1522,1,'张昭富'),(1523,1,'张志清'),(1524,1,'赵公紫阳'),(1525,1,'赵海青'),(1526,1,'赵南'),(1527,1,'赵品潞'),(1528,1,'赵晓微'),(1529,1,'赵紫'),(1530,1,'赵紫杨'),(1531,1,'赵紫扬'),(1532,1,'赵紫洋'),(1533,1,'赵紫阳'),(1534,1,'赵紫阳去世'),(1535,1,'赵子阳'),(1536,1,'折民'),(1537,1,'哲民'),(1538,1,'真善忍'),(1539,1,'真相'),(1540,1,'真象'),(1541,1,'侦查权论'),(1542,1,'镇压'),(1543,1,'争鸣论坛'),(1544,1,'正见网'),(1545,1,'正名'),(1546,1,'正邪大战'),(1547,1,'正义党论坛'),(1548,1,'政权'),(1549,1,'政治反对派'),(1550,1,'政治犯'),(1551,1,'郑建源'),(1552,1,'郑义'),(1553,1,'郑源'),(1554,1,'证监会自焚'),(1555,1,'支那'),(1556,1,'指点江山论坛'),(1557,1,'中俄边界'),(1558,1,'中方对历史问题絮絮叨叨'),(1559,1,'中功'),(1560,1,'中共'),(1561,1,'中国报业怎样开放'),(1562,1,'中国复兴论坛'),(1563,1,'中国改革年代政治斗争'),(1564,1,'中国孤儿院'),(1565,1,'中国核城'),(1566,1,'中国核武器悄悄诞生'),(1567,1,'中国和平'),(1568,1,'中国论坛'),(1569,1,'中国社会进步党'),(1570,1,'中国社会论坛'),(1571,1,'中国铁路中国造'),(1572,1,'中国威胁论'),(1573,1,'中国问题论坛'),(1574,1,'中国真实内容'),(1575,1,'中国证监会尚福林指责股权分离如长期存在'),(1576,1,'中国之春'),(1577,1,'中国猪'),(1578,1,'中核404厂'),(1579,1,'中华大地'),(1580,1,'中华大众'),(1581,1,'中华讲清'),(1582,1,'中华民国'),(1583,1,'中华人民实话实说'),(1584,1,'中华人民正邪'),(1585,1,'中华时事'),(1586,1,'中华养生益智功'),(1587,1,'中华伊甸园'),(1588,1,'中华真实报道'),(1589,1,'中科院道德建设委员会副主任张存浩撰文揭露四类科学不端行为'),(1590,1,'中文搜性网'),(1591,1,'中宣部是中国社会的爱滋病'),(1592,1,'钟山风雨论坛'),(1593,1,'重审林彪罪案'),(1594,1,'周锋锁'),(1595,1,'周天法'),(1596,1,'周旋'),(1597,1,'周永康'),(1598,1,'朱嘉明'),(1599,1,'朱琳'),(1600,1,'朱毛'),(1601,1,'朱溶剂'),(1602,1,'朱容基'),(1603,1,'朱镕基'),(1604,1,'猪聋畸'),(1605,1,'猪毛1'),(1606,1,'猪容鸡'),(1607,1,'主义'),(1608,1,'注册码'),(1609,1,'专机'),(1610,1,'专制'),(1611,1,'转珐'),(1612,1,'转化'),(1613,1,'紫阳'),(1614,1,'子宫'),(1615,1,'自焚'),(1616,1,'自己的故事'),(1617,1,'自民党'),(1618,1,'自拍'),(1619,1,'自慰'),(1620,1,'自已的故事'),(1621,1,'自由'),(1622,1,'自由门'),(1623,1,'自由民主论坛'),(1624,1,'自由亚洲电台'),(1625,1,'自由之门'),(1626,1,'宗教'),(1627,1,'走私'),(1628,1,'祖英'),(1629,1,'罪恶'),(1630,1,'做爱'),(1631,1,'作爱'),(1632,1,'作爱图片'),(1633,1,'作秀'),(1634,1,'睾丸'),(1635,1,'偎亵'),(1636,1,'邝锦文'),(1637,1,'咦宝贝网'),(1638,1,'咪咪'),(1639,1,'猥亵'),(1640,1,'恪尽职守为稳定'),(1641,1,'娼'),(1642,1,'嫖'),(1643,1,'绯闻'),(1644,1,'璩美凤性爱'),(1645,1,'掰穴'),(1646,1,'胴体'),(1647,1,'滕文生'),(1648,1,'斐得勒'),(1649,1,'锺蕾妮'),(1650,3,'taobao'),(1651,1,'123123123'),(1652,2,'007girls'),(1653,2,'01'),(1654,2,'01-1001-970010'),(1655,2,'01-1763-991799'),(1656,2,'13924224261'),(1657,2,'15岁'),(1658,2,'168adult'),(1659,2,'168casino在线游戏'),(1660,2,'16大'),(1661,2,'18'),(1662,2,'18adult'),(1663,2,'18girl'),(1664,2,'18yinwa'),(1665,2,'18禁'),(1666,2,'18岁'),(1667,2,'1989'),(1668,2,'1989年6月4日'),(1669,2,'2001vcd'),(1670,2,'2004中国媒体十大事件'),(1671,2,'2008北京奥运法律框架报告'),(1672,2,'2008年奥运会香港举办部分项目'),(1673,2,'21世纪中国基金会'),(1674,2,'365'),(1675,2,'365ca'),(1676,2,'365ca贴图'),(1677,2,'365x'),(1678,2,'365的新网址'),(1679,2,'365论坛'),(1680,2,'365情网'),(1681,2,'365贴图'),(1682,2,'365新地址'),(1683,2,'365新论坛'),(1684,2,'365新网站'),(1685,2,'365新网址'),(1686,2,'365新域名'),(1687,2,'3movies'),(1688,2,'4.25'),(1689,2,'425'),(1690,2,'518sex'),(1691,2,'51xcn'),(1692,2,'5898'),(1693,2,'6-4tianwang'),(1694,2,'6.4'),(1695,2,'64'),(1696,2,'666'),(1697,2,'6F9'),(1698,2,'6F9色情'),(1699,2,'7.22'),(1700,2,'722'),(1701,2,'89'),(1702,2,'89-64cdjp'),(1703,2,'89动乱'),(1704,2,'89风波'),(1705,2,'89绝食'),(1706,2,'89学生运动'),(1707,2,'999real'),(1708,2,'99bb'),(1709,2,'a4u'),(1710,2,'a4y'),(1711,2,'adult'),(1712,2,'amateur'),(1713,2,'amateurs'),(1714,2,'ameteur'),(1715,2,'anal'),(1716,2,'aotu'),(1717,2,'asftool'),(1718,2,'asiasex'),(1719,2,'ass'),(1720,2,'av'),(1721,2,'avvcd'),(1722,2,'av贴图'),(1723,2,'a片'),(1724,2,'badboy'),(1725,2,'badgirl'),(1726,2,'bignews'),(1727,2,'blowjob'),(1728,2,'blue8'),(1729,2,'boxun'),(1730,2,'boyvcd'),(1731,2,'breast'),(1732,2,'cherry'),(1733,2,'chinaliberal'),(1734,2,'chinamz'),(1735,2,'chinesenewsnet'),(1736,2,'cnd'),(1737,2,'cock'),(1738,2,'coition'),(1739,2,'coitus'),(1740,2,'creaders'),(1741,2,'cum'),(1742,2,'cunt'),(1743,2,'dacankao'),(1744,2,'dafa'),(1745,2,'dajiyuan'),(1746,2,'dfdz'),(1747,2,'dick'),(1748,2,'dildo'),(1749,2,'dpp'),(1750,2,'erotica'),(1751,2,'falu'),(1752,2,'falun'),(1753,2,'falundafa'),(1754,2,'falunfofa'),(1755,2,'falungong'),(1756,2,'fa轮'),(1757,2,'fengsao'),(1758,2,'flg'),(1759,2,'freechina'),(1760,2,'freedom'),(1761,2,'freenet'),(1762,2,'fuck'),(1763,2,'gay'),(1764,2,'gcd'),(1765,2,'girl'),(1766,2,'graphis'),(1767,2,'g点'),(1768,2,'g片'),(1769,2,'hacker'),(1770,2,'happysky'),(1771,2,'hardcore'),(1772,2,'hello.vbs'),(1773,2,'hongzhi'),(1774,2,'hot'),(1775,2,'hotgirl'),(1776,2,'hotsex'),(1777,2,'hot辣女'),(1778,2,'hrichina'),(1779,2,'hschoolgirls'),(1780,2,'huanet'),(1781,2,'hustler'),(1782,2,'hypermart.net'),(1783,2,'h卡通'),(1784,2,'III片'),(1785,2,'incest'),(1786,2,'japansweet'),(1787,2,'japanvcd'),(1788,2,'jdh35'),(1789,2,'jdh35-ii'),(1790,2,'jdh35ii'),(1791,2,'jiangdongriji'),(1792,2,'jsexcinema'),(1793,2,'june4'),(1794,2,'June4th'),(1795,2,'kiss'),(1796,2,'kitty'),(1797,2,'lesbian'),(1798,2,'lihongzhi'),(1799,2,'lingerie'),(1800,2,'love'),(1801,2,'lryz'),(1802,2,'making'),(1803,2,'milf'),(1804,2,'minghui'),(1805,2,'minghuinews'),(1806,2,'mmfan'),(1807,2,'morok'),(1808,2,'nacb'),(1809,2,'naive'),(1810,2,'naked'),(1811,2,'nipple'),(1812,2,'nmis'),(1813,2,'nude'),(1814,2,'paper64'),(1815,2,'peacehall'),(1816,2,'penis'),(1817,2,'persian'),(1818,2,'petgirl'),(1819,2,'picture'),(1820,2,'piss'),(1821,2,'playboy'),(1822,2,'porn'),(1823,2,'porno'),(1824,2,'pornography'),(1825,2,'princeton'),(1826,2,'pussy'),(1827,2,'rape'),(1828,2,'relaxbook'),(1829,2,'renminbao'),(1830,2,'renmingbao'),(1831,2,'rfa'),(1832,2,'safeweb'),(1833,2,'secool'),(1834,2,'seeder'),(1835,2,'seekease'),(1836,2,'seqing'),(1837,2,'sex'),(1838,2,'sexphoto'),(1839,2,'sexual'),(1840,2,'sexxx'),(1841,2,'sexy'),(1842,2,'simimi'),(1843,2,'simple'),(1844,2,'sm'),(1845,2,'suck'),(1846,2,'svdc'),(1847,2,'taip'),(1848,2,'taiwankiss'),(1849,2,'teen'),(1850,2,'tibetalk'),(1851,2,'tits'),(1852,2,'top555'),(1853,2,'triangle'),(1854,2,'triangleboy'),(1855,2,'tw18'),(1856,2,'ultrasurf'),(1857,2,'unixbox'),(1858,2,'ustibet'),(1859,2,'vcd3000'),(1860,2,'video'),(1861,2,'virgin'),(1862,2,'voa'),(1863,2,'voachinese'),(1864,2,'wangce'),(1865,2,'wolala'),(1866,2,'wstaiji'),(1867,2,'www.dickbig.com/'),(1868,2,'www.tevoortwis.net'),(1869,2,'x'),(1870,2,'x365'),(1871,2,'x365x'),(1872,2,'x365x. net新域名'),(1873,2,'x365xbb'),(1874,2,'x636'),(1875,2,'xiaocankao'),(1876,2,'xin'),(1877,2,'xingjiao'),(1878,2,'xx'),(1879,2,'xxx'),(1880,2,'xys'),(1881,2,'xys2'),(1882,2,'y28'),(1883,2,'yanyong'),(1884,2,'ytht'),(1885,2,'yuming'),(1886,2,'zhaoziyang'),(1887,2,'zhengjian'),(1888,2,'zhengjianwang'),(1889,2,'zhenshanren'),(1890,2,'zhuanfalun'),(1891,2,'屄'),(1892,2,'煉功'),(1893,2,'《北京青年报》计划上市'),(1894,2,'阿宾'),(1895,2,'爱国运动'),(1896,2,'爱国运动正名'),(1897,2,'爱国者'),(1898,2,'爱国者出盟网'),(1899,2,'爱国者联盟网'),(1900,2,'爱国者同盟'),(1901,2,'爱国者同盟网'),(1902,2,'爱妹妹'),(1903,2,'爱情杀手'),(1904,2,'爱液'),(1905,2,'安全机关侦查权论'),(1906,2,'安全厅'),(1907,2,'安乡首富'),(1908,2,'凹凸俱乐部'),(1909,2,'八九'),(1910,2,'八九民运'),(1911,2,'八老'),(1912,2,'巴赫'),(1913,2,'拔出来'),(1914,2,'罢工'),(1915,2,'罢课'),(1916,2,'白立朴'),(1917,2,'白梦'),(1918,2,'白皮书'),(1919,2,'百家乐'),(1920,2,'百莲凯骗子'),(1921,2,'保钓'),(1922,2,'保健'),(1923,2,'保密电话机'),(1924,2,'暴露狂'),(1925,2,'暴乱'),(1926,2,'暴政'),(1927,2,'鲍戈'),(1928,2,'鲍彤'),(1929,2,'鲍鱼'),(1930,2,'爆光'),(1931,2,'北朝鲜'),(1932,2,'北大静园的集会'),(1933,2,'北大三角地论坛'),(1934,2,'北韩'),(1935,2,'北京当局'),(1936,2,'北京对公务车试点改革'),(1937,2,'北京反革命暴乱'),(1938,2,'北京青年报'),(1939,2,'北京青年报黑幕'),(1940,2,'北京屠城'),(1941,2,'北京雅宝大厦拒绝国人'),(1942,2,'北京之春'),(1943,2,'北美自由论坛'),(1944,2,'避孕套'),(1945,2,'变态'),(1946,2,'变性'),(1947,2,'波霸'),(1948,2,'波波'),(1949,2,'波路西'),(1950,2,'波女'),(1951,2,'博讯'),(1952,2,'不夜猛男'),(1953,2,'不贞'),(1954,2,'踩江'),(1955,2,'踩江鬼'),(1956,2,'踩江图'),(1957,2,'踩江游戏'),(1958,2,'蔡崇国'),(1959,2,'藏独'),(1960,2,'操b'),(1961,2,'操逼'),(1962,2,'操逼电影'),(1963,2,'操逼图'),(1964,2,'操得'),(1965,2,'操的'),(1966,2,'操烂'),(1967,2,'操你'),(1968,2,'操屁'),(1969,2,'操死'),(1970,2,'操他'),(1971,2,'操它'),(1972,2,'操她'),(1973,2,'操我'),(1974,2,'操穴'),(1975,2,'操丫'),(1976,2,'曹长青'),(1977,2,'厕所'),(1978,2,'插b'),(1979,2,'插得'),(1980,2,'插的'),(1981,2,'插进'),(1982,2,'插你'),(1983,2,'插屁'),(1984,2,'插入'),(1985,2,'插他'),(1986,2,'插它'),(1987,2,'插她'),(1988,2,'插我'),(1989,2,'插穴'),(1990,2,'柴玲'),(1991,2,'猖妓'),(1992,2,'常劲'),(1993,2,'长片'),(1994,2,'朝河兰'),(1995,2,'撤消关闭一塌糊涂'),(1996,2,'陈炳基'),(1997,2,'陈军'),(1998,2,'陈良宇'),(1999,2,'陈蒙'),(2000,2,'陈破空'),(2001,2,'陈希同'),(2002,2,'陈小同'),(2003,2,'陈宣良'),(2004,2,'陈一谘'),(2005,2,'陈总统'),(2006,2,'成人'),(2007,2,'成人小说'),(2008,2,'程凯'),(2009,2,'程铁军'),(2010,2,'程真'),(2011,2,'吃精'),(2012,2,'持不同政见'),(2013,2,'迟浩田'),(2014,2,'赤匪'),(2015,2,'赤化'),(2016,2,'赤裸'),(2017,2,'赤裸龙虎'),(2018,2,'抽插'),(2019,2,'雏妓'),(2020,2,'处女'),(2021,2,'传华建敏今讲话或出任证监会主席'),(2022,2,'传兼任证监主席'),(2023,2,'床上'),(2024,2,'春宫'),(2025,2,'春光荡漾'),(2026,2,'春夏自由论坛'),(2027,2,'春药'),(2028,2,'催情药'),(2029,2,'达赖'),(2030,2,'打炮'),(2031,2,'大便'),(2032,2,'大波'),(2033,2,'大参考'),(2034,2,'大法'),(2035,2,'大法弟子'),(2036,2,'大放送'),(2037,2,'大惑色迷城'),(2038,2,'大鸡巴'),(2039,2,'大纪元'),(2040,2,'大纪元新闻网'),(2041,2,'大纪元郑重申明'),(2042,2,'大纪园'),(2043,2,'大家论坛'),(2044,2,'大露鲍鱼'),(2045,2,'大陆娱乐黄站'),(2046,2,'大奶'),(2047,2,'大鸟'),(2048,2,'大乳'),(2049,2,'大史'),(2050,2,'大史记'),(2051,2,'大使记'),(2052,2,'大王一条街'),(2053,2,'大中国论坛'),(2054,2,'大中华论坛'),(2055,2,'大众真人真事'),(2056,2,'戴相龙'),(2057,2,'代理服务器'),(2058,2,'弹劾'),(2059,2,'荡妇'),(2060,2,'荡女'),(2061,2,'荡笑'),(2062,2,'登辉'),(2063,2,'邓笑贫'),(2064,2,'迪里夏提'),(2065,2,'底裤'),(2066,2,'地下教会'),(2067,2,'地下刊物'),(2068,2,'地狱天使'),(2069,2,'第三者'),(2070,2,'第四代'),(2071,2,'弟子'),(2072,2,'电视流氓'),(2073,2,'电影下载'),(2074,2,'钓鱼岛'),(2075,2,'调教'),(2076,2,'丁关根'),(2077,2,'丁元'),(2078,2,'丁子霖'),(2079,2,'顶级片'),(2080,2,'顶级色片'),(2081,2,'顶级色站'),(2082,2,'东北独立'),(2083,2,'东方红时空'),(2084,2,'东方时空'),(2085,2,'东京g点'),(2086,2,'东南西北论谈'),(2087,2,'东社'),(2088,2,'东突流亡政府'),(2089,2,'东土耳其斯坦'),(2090,2,'东西南北论坛'),(2091,2,'动乱'),(2092,2,'动态网'),(2093,2,'独裁'),(2094,2,'独裁政治'),(2095,2,'独夫'),(2096,2,'独立台湾会'),(2097,2,'赌博'),(2098,2,'赌钱'),(2099,2,'赌术'),(2100,2,'杜导斌'),(2101,2,'杜智富'),(2102,2,'对北大某博士后的揭露'),(2103,2,'对北京市政协委员张惟英女士的罢免提议'),(2104,2,'多维'),(2105,2,'堕落天使'),(2106,2,'俄国'),(2107,2,'俄罗斯尤甘斯克公司出售股份'),(2108,2,'恶心网站'),(2109,2,'发*功'),(2110,2,'发*公'),(2111,2,'发抡'),(2112,2,'发抡功'),(2113,2,'发轮'),(2114,2,'发伦'),(2115,2,'发伦功'),(2116,2,'发论'),(2117,2,'发论功'),(2118,2,'发论公'),(2119,2,'发情'),(2120,2,'发正念'),(2121,2,'发愣'),(2122,2,'法*功'),(2123,2,'法lun功'),(2124,2,'法run功'),(2125,2,'法口轮口功'),(2126,2,'法抡'),(2127,2,'法抡功'),(2128,2,'法轮'),(2129,2,'法轮大法好'),(2130,2,'法伦'),(2131,2,'法仑'),(2132,2,'法论'),(2133,2,'法十轮十功'),(2134,2,'法谪'),(2135,2,'法谪功'),(2136,2,'法愣'),(2137,2,'珐伦'),(2138,2,'反对日本介入中国铁路工业'),(2139,2,'反对日本介入中国铁路工业建设网络签名活动'),(2140,2,'反封锁技术'),(2141,2,'反腐败论坛'),(2142,2,'反革命暴乱'),(2143,2,'反革命动乱'),(2144,2,'反攻'),(2145,2,'反共'),(2146,2,'反人类'),(2147,2,'反社会'),(2148,2,'方励之'),(2149,2,'方舟子'),(2150,2,'菲律宾将2004年公共服务奖授予蒋彦勇'),(2151,2,'非法'),(2152,2,'飞扬论坛'),(2153,2,'肥奶'),(2154,2,'废除劳教签名'),(2155,2,'费良勇'),(2156,2,'分家'),(2157,2,'分家在'),(2158,2,'分家在十月'),(2159,2,'分裂'),(2160,2,'粉饰太平'),(2161,2,'封从德'),(2162,2,'封杀'),(2163,2,'风流'),(2164,2,'风艳阁'),(2165,2,'风雨神州'),(2166,2,'风雨神州论坛'),(2167,2,'冯东海'),(2168,2,'冯素英'),(2169,2,'佛展千手法'),(2170,2,'腐败'),(2171,2,'傅申奇'),(2172,2,'傅志寰'),(2173,2,'付申奇'),(2174,2,'干你'),(2175,2,'干你娘'),(2176,2,'干炮'),(2177,2,'肛交'),(2178,2,'肛门'),(2179,2,'肛温'),(2180,2,'高跟鞋'),(2181,2,'高官'),(2182,2,'高文谦'),(2183,2,'高薪养廉'),(2184,2,'高瞻'),(2185,2,'高自联'),(2186,2,'歌功颂德'),(2187,2,'歌星'),(2188,2,'戈扬'),(2189,2,'鸽派'),(2190,2,'蛤蟆'),(2191,2,'个人崇拜'),(2192,2,'给你爽'),(2193,2,'更衣'),(2194,2,'工潮'),(2195,2,'工党'),(2196,2,'工自联'),(2197,2,'功法'),(2198,2,'公审江泽民'),(2199,2,'公审李鹏'),(2200,2,'共产'),(2201,2,'共党'),(2202,2,'共匪'),(2203,2,'共狗'),(2204,2,'共和国卫士'),(2205,2,'共军'),(2206,2,'狗腿子'),(2207,2,'古北口镇口蹄疫'),(2208,2,'关于足球与宪政建设的思考'),(2209,2,'关站事致北大校长书'),(2210,2,'关卓中'),(2211,2,'灌肠'),(2212,2,'贯通两极法'),(2213,2,'广闻'),(2214,2,'龟头'),(2215,2,'郭罗基'),(2216,2,'郭平'),(2217,2,'郭岩华'),(2218,2,'国安松江分局副局长'),(2219,2,'国家安全'),(2220,2,'国家安全机关侦查权论'),(2221,2,'国家机密'),(2222,2,'国军'),(2223,2,'国母'),(2224,2,'国内联赛赌球'),(2225,2,'国内铁路机动车组招标事件'),(2226,2,'国贼'),(2227,2,'裹本'),(2228,2,'韩东方'),(2229,2,'韩联潮'),(2230,2,'汉风'),(2231,2,'汉回'),(2232,2,'汉奸'),(2233,2,'汉源'),(2234,2,'汉源瀑布沟'),(2235,2,'杭州市国家安全局团委'),(2236,2,'郝演苏'),(2237,2,'好嫩'),(2238,2,'好死不如赖活着'),(2239,2,'核武器从这里悄悄诞生'),(2240,2,'何德普'),(2241,2,'合成照'),(2242,2,'合欢散'),(2243,2,'河殇'),(2244,2,'黑客'),(2245,2,'黑马'),(2246,2,'黑软'),(2247,2,'狠插'),(2248,2,'洪传'),(2249,2,'洪爷'),(2250,2,'洪吟'),(2251,2,'洪哲胜'),(2252,2,'洪志'),(2253,2,'宏法'),(2254,2,'红朝谎言录'),(2255,2,'红灯区'),(2256,2,'红色恐怖'),(2257,2,'后宫'),(2258,2,'后宫电影'),(2259,2,'后庭'),(2260,2,'胡长安'),(2261,2,'胡紧掏'),(2262,2,'胡锦涛'),(2263,2,'胡锦滔'),(2264,2,'胡锦淘'),(2265,2,'胡景涛'),(2266,2,'胡平'),(2267,2,'胡耀邦'),(2268,2,'护法'),(2269,2,'花和尚'),(2270,2,'花和尚论坛'),(2271,2,'花花公子'),(2272,2,'华建敏'),(2273,2,'华建敏将兼任证监会主席'),(2274,2,'华建敏任中国证监会主席'),(2275,2,'华通时事论坛'),(2276,2,'华夏文摘'),(2277,2,'华语世界论坛'),(2278,2,'华岳时事论坛'),(2279,2,'欢欢娱乐时空'),(2280,2,'欢乐搜寻'),(2281,2,'欢乐性今宵'),(2282,2,'换妻'),(2283,2,'黄慈萍'),(2284,2,'黄祸'),(2285,2,'黄金高'),(2286,2,'黄菊'),(2287,2,'黄菊　'),(2288,2,'黄色'),(2289,2,'黄网'),(2290,2,'黄翔'),(2291,2,'黄站'),(2292,2,'回汉'),(2293,2,'回良玉'),(2294,2,'回良玉谣言'),(2295,2,'回民'),(2296,2,'回民暴动'),(2297,2,'悔过书'),(2298,2,'慧网'),(2299,2,'会员精粹区'),(2300,2,'火辣图片'),(2301,2,'基督'),(2302,2,'积克馆'),(2303,2,'激情'),(2304,2,'激情电影'),(2305,2,'激情图片'),(2306,2,'激情自拍'),(2307,2,'鸡吧'),(2308,2,'鸡八'),(2309,2,'鸡巴'),(2310,2,'鸡奸'),(2311,2,'鸡毛信文汇'),(2312,2,'姬胜德'),(2313,2,'极度色坛'),(2314,2,'极度图库'),(2315,2,'极品波霸'),(2316,2,'极品女孩'),(2317,2,'集会'),(2318,2,'集权接掌请愿书'),(2319,2,'冀州市医疗器材'),(2320,2,'妓女'),(2321,2,'妓院'),(2322,2,'纪念六四'),(2323,2,'贾庆林'),(2324,2,'贾廷安'),(2325,2,'贾育台'),(2326,2,'尖阁'),(2327,2,'奸'),(2328,2,'奸夫'),(2329,2,'奸淫'),(2330,2,'奸幼'),(2331,2,'贱男'),(2332,2,'建国党'),(2333,2,'僵贼'),(2334,2,'僵贼民'),(2335,2,'姜春云'),(2336,2,'将则民'),(2337,2,'江core'),(2338,2,'江x民'),(2339,2,'江ze民'),(2340,2,'江澤民'),(2341,2,'江八点'),(2342,2,'江羅'),(2343,2,'江流氓'),(2344,2,'江罗'),(2345,2,'江罗集团'),(2346,2,'江卖国'),(2347,2,'江绵恒'),(2348,2,'江棋生'),(2349,2,'江青'),(2350,2,'江十泽十民'),(2351,2,'江氏集团'),(2352,2,'江苏省党政一把手'),(2353,2,'江苏省道路安全条例'),(2354,2,'江苏省道路交通安全条例'),(2355,2,'江苏省道路交通条例'),(2356,2,'江戏子'),(2357,2,'江则民'),(2358,2,'江泽慧'),(2359,2,'江泽民'),(2360,2,'江泽明'),(2361,2,'江贼民'),(2362,2,'江折民'),(2363,2,'江猪'),(2364,2,'江猪媳'),(2365,2,'江主席'),(2366,2,'江屙民'),(2367,2,'疆独'),(2368,2,'蒋彦永上书'),(2369,2,'蒋彦勇上书'),(2370,2,'讲法'),(2371,2,'酱猪媳'),(2372,2,'焦国标'),(2373,2,'交班'),(2374,2,'交合'),(2375,2,'交换夫妻'),(2376,2,'交友'),(2377,2,'教养院'),(2378,2,'叫床'),(2379,2,'揭批书'),(2380,2,'接班'),(2381,2,'解封'),(2382,2,'戒严部队'),(2383,2,'金瓶梅'),(2384,2,'金尧如'),(2385,2,'金之鹰'),(2386,2,'锦涛'),(2387,2,'锦州交行'),(2388,2,'禁果'),(2389,2,'禁看'),(2390,2,'禁片'),(2391,2,'禁区'),(2392,2,'近亲相奸'),(2393,2,'劲爆'),(2394,2,'精气'),(2395,2,'精液'),(2396,2,'经文'),(2397,2,'警民冲突'),(2398,2,'静坐'),(2399,2,'九评'),(2400,2,'九评共产党'),(2401,2,'九评中共'),(2402,2,'菊花蕾'),(2403,2,'巨乳'),(2404,2,'绝色'),(2405,2,'绝食'),(2406,2,'军队'),(2407,2,'军港物资补给车'),(2408,2,'开放杂志'),(2409,2,'看日本人卖给了我们什么'),(2410,2,'看中国'),(2411,2,'抗议'),(2412,2,'控制媒体'),(2413,2,'抠女'),(2414,2,'口交'),(2415,2,'口内爆浆'),(2416,2,'口淫'),(2417,2,'裤袜'),(2418,2,'拉拉俱乐部'),(2419,2,'辣妹'),(2420,2,'辣女'),(2421,2,'狼友'),(2422,2,'浪女'),(2423,2,'浪笑'),(2424,2,'浪穴'),(2425,2,'劳动教养所'),(2426,2,'劳改'),(2427,2,'劳教'),(2428,2,'老汉推车'),(2429,2,'老毛'),(2430,2,'老人政治'),(2431,2,'黎安友'),(2432,2,'理想信念追求'),(2433,2,'李长春'),(2434,2,'李大师'),(2435,2,'李登辉'),(2436,2,'李洪宽'),(2437,2,'李宏志'),(2438,2,'李红痔'),(2439,2,'李兰菊'),(2440,2,'李老师'),(2441,2,'李禄'),(2442,2,'李录'),(2443,2,'李鹏'),(2444,2,'李契克告中国人民解放军广大官兵书'),(2445,2,'李瑞环'),(2446,2,'李少民'),(2447,2,'李淑娴'),(2448,2,'李旺阳'),(2449,2,'李文斌'),(2450,2,'李晓华'),(2451,2,'李小朋'),(2452,2,'李小鹏'),(2453,2,'李月月鸟'),(2454,2,'李志绥'),(2455,2,'李总理'),(2456,2,'李总统'),(2457,2,'李岚清'),(2458,2,'丽人'),(2459,2,'联席'),(2460,2,'联总'),(2461,2,'连胜德'),(2462,2,'廉政'),(2463,2,'廉政大论坛'),(2464,2,'恋发癖'),(2465,2,'恋物癖'),(2466,2,'炼功'),(2467,2,'梁擎墩'),(2468,2,'良格'),(2469,2,'良玉'),(2470,2,'两岸关系'),(2471,2,'两岸三地论坛'),(2472,2,'两个中国'),(2473,2,'两全其美'),(2474,2,'林保华'),(2475,2,'林长盛'),(2476,2,'林慎立'),(2477,2,'林樵清'),(2478,2,'凌锋'),(2479,2,'刘宾深'),(2480,2,'刘宾雁'),(2481,2,'刘刚'),(2482,2,'刘国凯'),(2483,2,'刘华清'),(2484,2,'刘俊国'),(2485,2,'刘凯中'),(2486,2,'刘千石'),(2487,2,'刘青'),(2488,2,'刘山青'),(2489,2,'刘士贤'),(2490,2,'刘文胜'),(2491,2,'刘晓波'),(2492,2,'刘晓竹'),(2493,2,'刘亦菲泳装写真集'),(2494,2,'刘永川'),(2495,2,'流亡'),(2496,2,'六.四'),(2497,2,'六四'),(2498,2,'六四参加者回忆录'),(2499,2,'六四的悲惨事件'),(2500,2,'六四事件'),(2501,2,'六四屠杀'),(2502,2,'六四学生爱国运动正名'),(2503,2,'六四血卡'),(2504,2,'龙虎豹'),(2505,2,'龙卷风'),(2506,2,'卢跃刚'),(2507,2,'露点'),(2508,2,'露三点'),(2509,2,'露穴'),(2510,2,'露穴图'),(2511,2,'露阴痞'),(2512,2,'陆委会'),(2513,2,'吕京花'),(2514,2,'吕秀莲'),(2515,2,'乱伦'),(2516,2,'乱片'),(2517,2,'掠夺'),(2518,2,'轮暴'),(2519,2,'轮大'),(2520,2,'轮功'),(2521,2,'轮奸'),(2522,2,'轮盘'),(2523,2,'伦功'),(2524,2,'论小说'),(2525,2,'罗干'),(2526,2,'罗礼诗'),(2527,2,'罗伟凡'),(2528,2,'裸露'),(2529,2,'裸女'),(2530,2,'裸女图片'),(2531,2,'裸体'),(2532,2,'裸体图片'),(2533,2,'裸图'),(2534,2,'裸照'),(2535,2,'妈的'),(2536,2,'马大维'),(2537,2,'马良骏'),(2538,2,'马三家'),(2539,2,'马时敏'),(2540,2,'买春'),(2541,2,'卖春'),(2542,2,'卖国'),(2543,2,'卖淫'),(2544,2,'毛厕洞'),(2545,2,'毛片'),(2546,2,'毛泽东与张玉凤同居'),(2547,2,'毛贼东'),(2548,2,'么么蜜'),(2549,2,'梅俊林'),(2550,2,'美国参考'),(2551,2,'美国之音'),(2552,2,'美眉'),(2553,2,'美女'),(2554,2,'美人'),(2555,2,'美乳'),(2556,2,'美少女'),(2557,2,'美腿'),(2558,2,'美穴'),(2559,2,'妹妹'),(2560,2,'妹妹裸体'),(2561,2,'妹妹阴毛'),(2562,2,'媚术'),(2563,2,'媚外'),(2564,2,'媚药'),(2565,2,'蒙独'),(2566,2,'蒙古独立'),(2567,2,'猛插'),(2568,2,'猛男'),(2569,2,'迷奸'),(2570,2,'迷药'),(2571,2,'米秀萍'),(2572,2,'密处'),(2573,2,'密穴'),(2574,2,'密云彩虹桥'),(2575,2,'棉被自慰'),(2576,2,'绵恒'),(2577,2,'免费A片'),(2578,2,'免费小电影'),(2579,2,'民国'),(2580,2,'民进党'),(2581,2,'民联'),(2582,2,'民意'),(2583,2,'民意论坛'),(2584,2,'民运'),(2585,2,'民阵'),(2586,2,'民猪'),(2587,2,'民主'),(2588,2,'民主墙'),(2589,2,'民主运动'),(2590,2,'民族'),(2591,2,'民族矛盾'),(2592,2,'明慧'),(2593,2,'明惠'),(2594,2,'模特'),(2595,2,'摩洛客'),(2596,2,'莫伟强'),(2597,2,'木犀地'),(2598,2,'木子论坛'),(2599,2,'奶子'),(2600,2,'南大自由论坛'),(2601,2,'男人乐园'),(2602,2,'男性'),(2603,2,'难民'),(2604,2,'闹事'),(2605,2,'内裤'),(2606,2,'内视特写'),(2607,2,'内衣'),(2608,2,'嫩b'),(2609,2,'嫩女孩'),(2610,2,'嫩穴'),(2611,2,'倪育贤'),(2612,2,'你妈'),(2613,2,'你说我说论坛'),(2614,2,'匿名代理'),(2615,2,'捏弄'),(2616,2,'弄那里'),(2617,2,'女港商坚持国人身份被打'),(2618,2,'女人身体'),(2619,2,'女色'),(2620,2,'女生'),(2621,2,'女体'),(2622,2,'女王'),(2623,2,'女性'),(2624,2,'女医生'),(2625,2,'女优'),(2626,2,'虐待'),(2627,2,'虐恋'),(2628,2,'潘国平'),(2629,2,'盘口'),(2630,2,'盼港参与承办北京奥运项目'),(2631,2,'炮打中宣部'),(2632,2,'泡沫经济'),(2633,2,'赔率'),(2634,2,'平反六四'),(2635,2,'评共产党'),(2636,2,'破解'),(2637,2,'迫害'),(2638,2,'瀑布沟'),(2639,2,'齐墨'),(2640,2,'祁建'),(2641,2,'千分色'),(2642,2,'钱达'),(2643,2,'钱国梁'),(2644,2,'钱其琛'),(2645,2,'欠操'),(2646,2,'强暴'),(2647,2,'强奸'),(2648,2,'抢粮记'),(2649,2,'乔石'),(2650,2,'钦本立'),(2651,2,'侵犯'),(2652,2,'亲美'),(2653,2,'亲日'),(2654,2,'秦晋'),(2655,2,'秦永敏'),(2656,2,'青天白日旗'),(2657,2,'轻舟快讯'),(2658,2,'清理上访人员的工作'),(2659,2,'情爱'),(2660,2,'情妇'),(2661,2,'情趣用品'),(2662,2,'情色'),(2663,2,'情色论坛'),(2664,2,'情挑'),(2665,2,'情欲'),(2666,2,'庆红'),(2667,2,'穷人'),(2668,2,'全裸'),(2669,2,'全球公审江泽民'),(2670,2,'全身光溜溜'),(2671,2,'裙下风光'),(2672,2,'群交'),(2673,2,'群体灭绝'),(2674,2,'热比娅'),(2675,2,'热站政论网'),(2676,2,'人民报'),(2677,2,'人民内情真相'),(2678,2,'人民真实'),(2679,2,'人民之声论坛'),(2680,2,'人权'),(2681,2,'人兽'),(2682,2,'人兽交'),(2683,2,'人体'),(2684,2,'人妖'),(2685,2,'人与兽乱交图片'),(2686,2,'任常霞局长牺牲黑幕'),(2687,2,'任长霞局长牺牲黑幕'),(2688,2,'任长霞局牺牲黑幕'),(2689,2,'日本妹'),(2690,2,'日本女孩'),(2691,2,'日本甜心'),(2692,2,'日内瓦金融'),(2693,2,'肉棒'),(2694,2,'肉蒲团'),(2695,2,'肉穴'),(2696,2,'肉欲'),(2697,2,'如厕'),(2698,2,'如何推翻中共'),(2699,2,'乳房'),(2700,2,'乳沟'),(2701,2,'乳交'),(2702,2,'乳头'),(2703,2,'瑞士金融大学'),(2704,2,'塞蒙'),(2705,2,'三点'),(2706,2,'三个代表'),(2707,2,'三级'),(2708,2,'三条腿'),(2709,2,'叁级'),(2710,2,'骚'),(2711,2,'骚姐姐'),(2712,2,'色宝贝'),(2713,2,'色豹'),(2714,2,'色狐'),(2715,2,'色虎'),(2716,2,'色即是空'),(2717,2,'色界'),(2718,2,'色狼'),(2719,2,'色郎'),(2720,2,'色猫'),(2721,2,'色迷城'),(2722,2,'色迷迷'),(2723,2,'色魔'),(2724,2,'色男俱乐部'),(2725,2,'色女'),(2726,2,'色女帝国'),(2727,2,'色情'),(2728,2,'色情小说'),(2729,2,'色请'),(2730,2,'色区'),(2731,2,'色书库'),(2732,2,'色搜索'),(2733,2,'色图'),(2734,2,'色网'),(2735,2,'色网书库'),(2736,2,'色友'),(2737,2,'色域'),(2738,2,'色欲'),(2739,2,'色之图库'),(2740,2,'傻逼'),(2741,2,'山东大学王小云教授'),(2742,2,'山东大学王小云教授公成破解MD5算法'),(2743,2,'山西证卷大案'),(2744,2,'善恶有报'),(2745,2,'善忍'),(2746,2,'上床'),(2747,2,'上访'),(2748,2,'上海帮'),(2749,2,'上海孤儿院'),(2750,2,'上书'),(2751,2,'少女乐园'),(2752,2,'少女写真'),(2753,2,'邵家健'),(2754,2,'射精'),(2755,2,'射颜'),(2756,2,'射在子宫'),(2757,2,'深插'),(2758,2,'神通加持法'),(2759,2,'沈浩波'),(2760,2,'沈彤'),(2761,2,'审江大联盟'),(2762,2,'生殖器'),(2763,2,'升天'),(2764,2,'盛华仁'),(2765,2,'盛雪'),(2766,2,'师父'),(2767,2,'师生恋'),(2768,2,'失身'),(2769,2,'失业'),(2770,2,'十八禁'),(2771,2,'十八摸'),(2772,2,'石戈'),(2773,2,'时代论坛'),(2774,2,'时事论坛'),(2775,2,'示爱'),(2776,2,'世界经济导报'),(2777,2,'事实独立'),(2778,2,'释放蒋彦永'),(2779,2,'视频'),(2780,2,'视频语音聊天室'),(2781,2,'收容所'),(2782,2,'收容所亲历记'),(2783,2,'手淫'),(2784,2,'受禁'),(2785,2,'兽奸'),(2786,2,'兽交'),(2787,2,'兽欲'),(2788,2,'梳头'),(2789,2,'熟女'),(2790,2,'数据中国'),(2791,2,'双十节'),(2792,2,'双性恋'),(2793,2,'水扁'),(2794,2,'税力'),(2795,2,'斯诺'),(2796,2,'司马晋'),(2797,2,'司马璐'),(2798,2,'司徒华'),(2799,2,'死亡名单'),(2800,2,'四川独立'),(2801,2,'四川汉源'),(2802,2,'四川乐山市田玉飞'),(2803,2,'四川瀑布沟水库'),(2804,2,'四川审计事件'),(2805,2,'宋xx'),(2806,2,'宋法棠'),(2807,2,'宋平'),(2808,2,'宋书元'),(2809,2,'宋祖英'),(2810,2,'苏绍智'),(2811,2,'苏晓康'),(2812,2,'素人'),(2813,2,'塌'),(2814,2,'台独'),(2815,2,'台盟'),(2816,2,'台湾18成人网'),(2817,2,'台湾独立'),(2818,2,'台湾共和国'),(2819,2,'台湾狗'),(2820,2,'台湾建国运动组织'),(2821,2,'台湾青年独立联盟'),(2822,2,'台湾政论区'),(2823,2,'台湾自由联盟'),(2824,2,'太子党'),(2825,2,'贪污'),(2826,2,'汤光中'),(2827,2,'唐柏桥'),(2828,2,'唐捷'),(2829,2,'桃花源记'),(2830,2,'桃色'),(2831,2,'桃色迷情'),(2832,2,'陶驷驹'),(2833,2,'讨伐教育部'),(2834,2,'讨伐中宣部'),(2835,2,'天安'),(2836,2,'天安门'),(2837,2,'天安门残案'),(2838,2,'天安门大屠杀'),(2839,2,'天安门录影带'),(2840,2,'天安门母亲'),(2841,2,'天安门事件'),(2842,2,'天安门屠城'),(2843,2,'天安门屠杀'),(2844,2,'天安门一代'),(2845,2,'天安门真相'),(2846,2,'天怒'),(2847,2,'天葬'),(2848,2,'舔'),(2849,2,'舔脚'),(2850,2,'挑逗'),(2851,2,'同居'),(2852,2,'同盟'),(2853,2,'同性'),(2854,2,'同性恋电影'),(2855,2,'同志网站'),(2856,2,'童屹'),(2857,2,'统独'),(2858,2,'统独论坛'),(2859,2,'统战'),(2860,2,'痛打中宣部'),(2861,2,'痛经'),(2862,2,'痛死我了'),(2863,2,'偷尝禁果'),(2864,2,'偷窥'),(2865,2,'偷拍'),(2866,2,'偷情'),(2867,2,'透明装'),(2868,2,'透视照'),(2869,2,'突破网禁'),(2870,2,'脱瀑'),(2871,2,'脱衣'),(2872,2,'娃哈哈超标'),(2873,2,'瓦良格'),(2874,2,'外交论坛'),(2875,2,'外交与方略'),(2876,2,'外遇'),(2877,2,'玩少女贴图'),(2878,2,'晚年周恩来'),(2879,2,'万润南'),(2880,2,'万维读者论坛'),(2881,2,'万晓东'),(2882,2,'万州暴动'),(2883,2,'汪岷'),(2884,2,'王宝森'),(2885,2,'王炳章'),(2886,2,'王策'),(2887,2,'王超华'),(2888,2,'王丹'),(2889,2,'王辅臣'),(2890,2,'王刚'),(2891,2,'王涵万'),(2892,2,'王沪宁'),(2893,2,'王军涛'),(2894,2,'王力雄'),(2895,2,'王瑞林'),(2896,2,'王润生'),(2897,2,'王若望'),(2898,2,'王希哲'),(2899,2,'王小丫'),(2900,2,'王秀丽'),(2901,2,'王冶坪'),(2902,2,'王振华'),(2903,2,'网络图霸'),(2904,2,'网上情人'),(2905,2,'网特'),(2906,2,'伟哥'),(2907,2,'未成年少女'),(2908,2,'魏京生'),(2909,2,'魏新生'),(2910,2,'尉健行'),(2911,2,'温家宝'),(2912,2,'温元凯'),(2913,2,'文革'),(2914,2,'我操'),(2915,2,'我日'),(2916,2,'我是回民'),(2917,2,'我在收容所的九天九夜'),(2918,2,'无极社区'),(2919,2,'无界流览器'),(2920,2,'无界漫游'),(2921,2,'无界浏览'),(2922,2,'无界浏览器'),(2923,2,'无码'),(2924,2,'无助的妻子'),(2925,2,'吾尔开西'),(2926,2,'吾尔开希'),(2927,2,'吴百益'),(2928,2,'吴方城'),(2929,2,'吴官正'),(2930,2,'吴宏达'),(2931,2,'吴弘达'),(2932,2,'吴仁华'),(2933,2,'吴学灿'),(2934,2,'吴学璨'),(2935,2,'吴仪'),(2936,2,'五不'),(2937,2,'午夜女郎'),(2938,2,'伍凡'),(2939,2,'西安游行'),(2940,2,'西藏'),(2941,2,'西藏独立'),(2942,2,'西洋特优'),(2943,2,'吸精'),(2944,2,'吸精少女'),(2945,2,'稀见'),(2946,2,'稀见史料'),(2947,2,'希虎'),(2948,2,'习近平'),(2949,2,'洗脑'),(2950,2,'洗澡'),(2951,2,'下半身'),(2952,2,'下岗'),(2953,2,'下流地带'),(2954,2,'下体'),(2955,2,'下注'),(2956,2,'仙霞路'),(2957,2,'咸湿'),(2958,2,'香港性网'),(2959,2,'香港有望承办'),(2960,2,'香港有望承办2008奥运马术比赛'),(2961,2,'香港有望承办2008北京奥运马术赛'),(2962,2,'香港有望举办部分奥运项目'),(2963,2,'项怀诚'),(2964,2,'项小吉'),(2965,2,'向65'),(2966,2,'小便'),(2967,2,'小参考'),(2968,2,'小电影'),(2969,2,'小洞'),(2970,2,'小黄'),(2971,2,'小龙女'),(2972,2,'小心肝'),(2973,2,'小穴'),(2974,2,'小淫虫'),(2975,2,'小泽圆电影'),(2976,2,'小猪娱乐'),(2977,2,'肖强'),(2978,2,'邪恶'),(2979,2,'写真'),(2980,2,'械斗'),(2981,2,'谢长廷'),(2982,2,'谢选骏'),(2983,2,'谢中之'),(2984,2,'辛灏年'),(2985,2,'新观察论坛'),(2986,2,'新华举报'),(2987,2,'新华内情'),(2988,2,'新华通论坛'),(2989,2,'新疆独立'),(2990,2,'新生网'),(2991,2,'新唐人电视台'),(2992,2,'新闻封锁'),(2993,2,'新语丝'),(2994,2,'心藏大恶'),(2995,2,'信用危机'),(2996,2,'邢铮'),(2997,2,'性爱'),(2998,2,'性伴侣'),(2999,2,'性保健'),(3000,2,'性暴力'),(3001,2,'性变态'),(3002,2,'性犯罪'),(3003,2,'性福街'),(3004,2,'性福联盟'),(3005,2,'性感'),(3006,2,'性高潮'),(3007,2,'性虎'),(3008,2,'性饥渴'),(3009,2,'性技巧'),(3010,2,'性交'),(3011,2,'性教育'),(3012,2,'性虐待'),(3013,2,'性派队'),(3014,2,'性派对'),(3015,2,'性生活'),(3016,2,'性搜网'),(3017,2,'性图片'),(3018,2,'性网站'),(3019,2,'性文学'),(3020,2,'性息'),(3021,2,'性小说'),(3022,2,'性行为'),(3023,2,'性知识'),(3024,2,'胸部'),(3025,2,'熊炎'),(3026,2,'熊焱'),(3027,2,'修炼'),(3028,2,'徐邦秦'),(3029,2,'徐国健'),(3030,2,'徐匡迪'),(3031,2,'徐水良'),(3032,2,'徐文立'),(3033,2,'许家屯'),(3034,2,'许智勇'),(3035,2,'裏本'),(3036,2,'薛伟'),(3037,2,'学潮'),(3038,2,'学联'),(3039,2,'学生爱国者运动'),(3040,2,'学生妹'),(3041,2,'学生妹s'),(3042,2,'学习班'),(3043,2,'学运'),(3044,2,'学自联'),(3045,2,'雪山狮子'),(3046,2,'血洒天安门'),(3047,2,'勋章'),(3048,2,'寻春园'),(3049,2,'雅宝大厦拒绝国人'),(3050,2,'亚交'),(3051,2,'亚情'),(3052,2,'亚热'),(3053,2,'亚洲波霸'),(3054,2,'亚洲博彩网站'),(3055,2,'亚洲全裸网'),(3056,2,'亚洲性虐'),(3057,2,'亚洲自由之声'),(3058,2,'严家其'),(3059,2,'严家祺'),(3060,2,'言情小说'),(3061,2,'颜射'),(3062,2,'阎明复'),(3063,2,'艳丽a级'),(3064,2,'艳情小说'),(3065,2,'艳舞'),(3066,2,'艳遇'),(3067,2,'央视内部晚会'),(3068,2,'杨怀安'),(3069,2,'杨建利'),(3070,2,'杨巍'),(3071,2,'杨月清'),(3072,2,'杨周'),(3073,2,'阳部'),(3074,2,'阳具'),(3075,2,'姚月谦'),(3076,2,'野狼帝国'),(3077,2,'野苹果'),(3078,2,'夜话紫禁城'),(3079,2,'夜幕下的上海滩'),(3080,2,'夜生活'),(3081,2,'一个令中国人发抖的名字'),(3082,2,'一句新语传真情'),(3083,2,'一句心语传真情'),(3084,2,'一塌'),(3085,2,'一塌糊涂'),(3086,2,'一塔湖图'),(3087,2,'一蹋'),(3088,2,'一蹋糊涂'),(3089,2,'一踏糊涂'),(3090,2,'一夜欢'),(3091,2,'一夜情'),(3092,2,'一中一台'),(3093,2,'倚花宫'),(3094,2,'以下'),(3095,2,'易丹轩'),(3096,2,'易志熹'),(3097,2,'易装癖'),(3098,2,'亦凡'),(3099,2,'义解'),(3100,2,'议会立宪'),(3101,2,'异见人士'),(3102,2,'异性'),(3103,2,'异议人士'),(3104,2,'阴部'),(3105,2,'阴唇'),(3106,2,'阴道'),(3107,2,'阴蒂'),(3108,2,'阴核'),(3109,2,'阴户'),(3110,2,'阴茎'),(3111,2,'阴毛'),(3112,2,'淫'),(3113,2,'淫荡'),(3114,2,'淫客帝国'),(3115,2,'淫妹'),(3116,2,'淫书'),(3117,2,'淫水'),(3118,2,'淫图'),(3119,2,'淫网'),(3120,2,'淫香书院'),(3121,2,'淫穴'),(3122,2,'淫液'),(3123,2,'淫汁'),(3124,2,'尹庆民'),(3125,2,'鹰派'),(3126,2,'应召'),(3127,2,'由喜贵'),(3128,2,'游行'),(3129,2,'有害气功'),(3130,2,'诱惑'),(3131,2,'幼齿'),(3132,2,'幼交'),(3133,2,'幼女'),(3134,2,'幼图'),(3135,2,'于大海'),(3136,2,'于浩成'),(3137,2,'舆论'),(3138,2,'舆论反制'),(3139,2,'余英时'),(3140,2,'娱乐黄站'),(3141,2,'与兽'),(3142,2,'宇明网'),(3143,2,'玉女'),(3144,2,'欲火'),(3145,2,'欲望'),(3146,2,'援交'),(3147,2,'援助交际'),(3148,2,'圆满'),(3149,2,'远志明'),(3150,2,'岳武'),(3151,2,'月宫'),(3152,2,'在十月'),(3153,2,'暂住人员住房问题'),(3154,2,'暂住人员住房问题研究'),(3155,2,'早泄'),(3156,2,'择民'),(3157,2,'泽民'),(3158,2,'贼民1'),(3159,2,'曾培炎'),(3160,2,'曾庆红'),(3161,2,'张伯笠'),(3162,2,'张存浩'),(3163,2,'张钢'),(3164,2,'张宏堡'),(3165,2,'张健'),(3166,2,'张林'),(3167,2,'张默与邓婕的秘密'),(3168,2,'张万年'),(3169,2,'张惟英'),(3170,2,'张伟国'),(3171,2,'张文英'),(3172,2,'张文岳'),(3173,2,'张昭富'),(3174,2,'张志清'),(3175,2,'赵公紫阳'),(3176,2,'赵海青'),(3177,2,'赵南'),(3178,2,'赵品潞'),(3179,2,'赵晓微'),(3180,2,'赵紫'),(3181,2,'赵紫杨'),(3182,2,'赵紫扬'),(3183,2,'赵紫洋'),(3184,2,'赵紫阳'),(3185,2,'赵紫阳去世'),(3186,2,'赵子阳'),(3187,2,'折民'),(3188,2,'哲民'),(3189,2,'真善忍'),(3190,2,'真相'),(3191,2,'真象'),(3192,2,'侦查权论'),(3193,2,'镇压'),(3194,2,'争鸣论坛'),(3195,2,'正见网'),(3196,2,'正名'),(3197,2,'正邪大战'),(3198,2,'正义党论坛'),(3199,2,'政权'),(3200,2,'政治反对派'),(3201,2,'政治犯'),(3202,2,'郑建源'),(3203,2,'郑义'),(3204,2,'郑源'),(3205,2,'证监会自焚'),(3206,2,'支那'),(3207,2,'指点江山论坛'),(3208,2,'中俄边界'),(3209,2,'中方对历史问题絮絮叨叨'),(3210,2,'中功'),(3211,2,'中共'),(3212,2,'中国报业怎样开放'),(3213,2,'中国复兴论坛'),(3214,2,'中国改革年代政治斗争'),(3215,2,'中国孤儿院'),(3216,2,'中国核城'),(3217,2,'中国核武器悄悄诞生'),(3218,2,'中国和平'),(3219,2,'中国论坛'),(3220,2,'中国社会进步党'),(3221,2,'中国社会论坛'),(3222,2,'中国铁路中国造'),(3223,2,'中国威胁论'),(3224,2,'中国问题论坛'),(3225,2,'中国真实内容'),(3226,2,'中国证监会尚福林指责股权分离如长期存在'),(3227,2,'中国之春'),(3228,2,'中国猪'),(3229,2,'中核404厂'),(3230,2,'中华大地'),(3231,2,'中华大众'),(3232,2,'中华讲清'),(3233,2,'中华民国'),(3234,2,'中华人民实话实说'),(3235,2,'中华人民正邪'),(3236,2,'中华时事'),(3237,2,'中华养生益智功'),(3238,2,'中华伊甸园'),(3239,2,'中华真实报道'),(3240,2,'中科院道德建设委员会副主任张存浩撰文揭露四类科学不端行为'),(3241,2,'中文搜性网'),(3242,2,'中宣部是中国社会的爱滋病'),(3243,2,'钟山风雨论坛'),(3244,2,'重审林彪罪案'),(3245,2,'周锋锁'),(3246,2,'周天法'),(3247,2,'周旋'),(3248,2,'周永康'),(3249,2,'朱嘉明'),(3250,2,'朱琳'),(3251,2,'朱毛'),(3252,2,'朱溶剂'),(3253,2,'朱容基'),(3254,2,'朱镕基'),(3255,2,'猪聋畸'),(3256,2,'猪毛1'),(3257,2,'猪容鸡'),(3258,2,'主义'),(3259,2,'注册码'),(3260,2,'专机'),(3261,2,'专制'),(3262,2,'转珐'),(3263,2,'转化'),(3264,2,'紫阳'),(3265,2,'子宫'),(3266,2,'自焚'),(3267,2,'自己的故事'),(3268,2,'自民党'),(3269,2,'自拍'),(3270,2,'自慰'),(3271,2,'自已的故事'),(3272,2,'自由'),(3273,2,'自由门'),(3274,2,'自由民主论坛'),(3275,2,'自由亚洲电台'),(3276,2,'自由之门'),(3277,2,'宗教'),(3278,2,'走私'),(3279,2,'祖英'),(3280,2,'罪恶'),(3281,2,'做爱'),(3282,2,'作爱'),(3283,2,'作爱图片'),(3284,2,'作秀'),(3285,2,'睾丸'),(3286,2,'偎亵'),(3287,2,'邝锦文'),(3288,2,'咦宝贝网'),(3289,2,'咪咪'),(3290,2,'猥亵'),(3291,2,'恪尽职守为稳定'),(3292,2,'娼'),(3293,2,'嫖'),(3294,2,'绯闻'),(3295,2,'璩美凤性爱'),(3296,2,'掰穴'),(3297,2,'胴体'),(3298,2,'滕文生'),(3299,2,'斐得勒'),(3300,2,'锺蕾妮'),(3301,4,'taobao'),(3302,5,'2wqq.com'),(7266,7,'极品女孩'),(7265,7,'极品波霸'),(7262,7,'姬胜德'),(7261,7,'鸡毛信文汇'),(7259,7,'鸡巴'),(7257,7,'鸡吧'),(7256,7,'激情自拍'),(7255,7,'激情图片'),(7253,7,'激情'),(7252,7,'积克馆'),(7248,7,'慧网'),(7247,7,'悔过书'),(7246,7,'回民暴动'),(7243,7,'回良玉'),(7244,7,'回良玉谣言'),(7240,7,'黄翔'),(7241,7,'黄站'),(7237,7,'黄菊　'),(7238,7,'黄色'),(7235,7,'黄金高'),(7233,7,'黄慈萍'),(7232,7,'换妻'),(7231,7,'欢乐性今宵'),(7230,7,'欢乐搜寻'),(7225,7,'华通时事论坛'),(7224,7,'华建敏任中国证监会主席'),(7223,7,'华建敏将兼任证监会主席'),(7219,7,'花和尚'),(7217,7,'胡耀邦'),(7216,7,'胡平'),(7215,7,'胡景涛'),(7214,7,'胡锦淘'),(7213,7,'胡锦滔'),(7212,7,'胡锦涛'),(7210,7,'胡长安'),(7209,7,'后庭'),(7208,7,'后宫电影'),(7207,7,'后宫'),(7206,7,'红色恐怖'),(7205,7,'红灯区'),(7204,7,'红朝谎言录'),(7202,7,'洪志'),(7200,7,'洪吟'),(7198,7,'洪传'),(7196,7,'黑软'),(7194,7,'黑客'),(7192,7,'合欢散'),(7191,7,'合成照'),(7190,7,'何德普'),(7189,7,'核武器从这里悄悄诞生'),(7187,7,'好嫩'),(7186,7,'郝演苏'),(7184,7,'汉源瀑布沟'),(7183,7,'汉源'),(7182,7,'汉奸'),(7180,7,'汉风'),(7178,7,'韩东方'),(7177,7,'裹本'),(7175,7,'国内铁路机动车组招标事件'),(7174,7,'国内联赛赌球'),(7173,7,'国母'),(7172,7,'国军'),(7171,7,'国家机密'),(7169,7,'国家安全'),(7168,7,'国安松江分局副局长'),(7166,7,'郭平'),(7165,7,'郭罗基'),(7164,7,'龟头'),(7162,7,'贯通两极法'),(7160,7,'关卓中'),(7159,7,'关站事致北大校长书'),(7157,7,'古北口镇口蹄疫'),(7155,7,'共军'),(7154,7,'共和国卫士'),(7152,7,'共匪'),(7151,7,'共党'),(7147,7,'功法'),(7146,7,'工自联'),(7145,7,'工党'),(7144,7,'工潮'),(7143,7,'更衣'),(7140,7,'蛤蟆'),(7138,7,'戈扬'),(7137,7,'歌星'),(7136,7,'歌功颂德'),(7134,7,'高瞻'),(7133,7,'高薪养廉'),(7131,7,'高官'),(7130,7,'高跟鞋'),(7128,7,'肛门'),(7127,7,'肛交'),(7125,7,'干你娘'),(7123,7,'付申奇'),(7121,7,'傅申奇'),(7120,7,'腐败'),(7119,7,'佛展千手法'),(7117,7,'冯东海'),(7116,7,'风雨神州论坛'),(7115,7,'风雨神州'),(7114,7,'风艳阁'),(7112,7,'封杀'),(7110,7,'粉饰太平'),(7107,7,'分家在'),(7105,7,'费良勇'),(7104,7,'废除劳教签名'),(7102,7,'飞扬论坛'),(7101,7,'非法'),(7100,7,'菲律宾将2004年公共服务奖授予蒋彦勇'),(7099,7,'方舟子'),(7098,7,'方励之'),(7097,7,'反社会'),(7096,7,'反人类'),(7094,7,'反攻'),(7093,7,'反革命动乱'),(7092,7,'反革命暴乱'),(7091,7,'反腐败论坛'),(7090,7,'反封锁技术'),(7089,7,'反对日本介入中国铁路工业建设网络签名活动'),(7087,7,'珐伦'),(7086,7,'法愣'),(7084,7,'法谪'),(7083,7,'法十轮十功'),(7081,7,'法仑'),(7079,7,'法轮大法好'),(7078,7,'法轮'),(7076,7,'法抡'),(7075,7,'法口轮口功'),(7073,7,'法lun功'),(7072,7,'法*功'),(7070,7,'发正念'),(7069,7,'发情'),(7068,7,'发论公'),(7066,7,'发论'),(7065,7,'发伦功'),(7064,7,'发伦'),(7062,7,'发抡功'),(7061,7,'发抡'),(7060,7,'发*公'),(7059,7,'发*功'),(7058,7,'恶心网站'),(7056,7,'俄国'),(7054,7,'多维'),(7053,7,'对北京市政协委员张惟英女士的罢免提议'),(7051,7,'杜智富'),(7049,7,'赌术'),(7047,7,'赌博'),(7046,7,'独立台湾会'),(7045,7,'独夫'),(7044,7,'独裁政治'),(7043,7,'独裁'),(7042,7,'动态网'),(7038,7,'东突流亡政府'),(7037,7,'东社'),(7035,7,'东京g点'),(7033,7,'东方红时空'),(7032,7,'东北独立'),(7031,7,'顶级色站'),(7030,7,'顶级色片'),(7029,7,'顶级片'),(7027,7,'丁元'),(7026,7,'丁关根'),(7025,7,'调教'),(7022,7,'电视流氓'),(7020,7,'第四代'),(7015,7,'底裤'),(7013,7,'邓笑贫'),(7011,7,'荡笑'),(7009,7,'荡妇'),(7007,7,'代理服务器'),(7001,7,'大使记'),(6999,7,'大史'),(6997,7,'大鸟'),(6995,7,'大陆娱乐黄站'),(6993,7,'大家论坛'),(6989,7,'大纪元'),(6987,7,'大惑色迷城'),(6984,7,'大法'),(6982,7,'大波'),(6980,7,'打炮'),(6978,7,'催情药'),(6974,7,'春宫'),(6971,7,'传华建敏今讲话或出任证监会主席'),(6969,7,'雏妓'),(6966,7,'赤裸'),(6964,7,'赤匪'),(6961,7,'吃精'),(6959,7,'程铁军'),(6957,7,'成人小说'),(6955,7,'陈总统'),(6953,7,'陈宣良'),(6951,7,'陈希同'),(6949,7,'陈蒙'),(6947,7,'陈军'),(6943,7,'长片'),(6944,7,'朝河兰'),(6941,7,'猖妓'),(6939,7,'插穴'),(6937,7,'插她'),(6935,7,'插他'),(6932,7,'插你'),(6933,7,'插屁'),(6930,7,'插的'),(6928,7,'插b'),(6926,7,'曹长青'),(6924,7,'操穴'),(6922,7,'操她'),(6920,7,'操他'),(6918,7,'操屁'),(6916,7,'操烂'),(6914,7,'操得'),(6911,7,'操逼'),(6909,7,'藏独'),(6906,7,'踩江图'),(6904,7,'踩江'),(6901,7,'博讯'),(6899,7,'波路西'),(6897,7,'波霸'),(6895,7,'变态'),(6892,7,'北京之春'),(6890,7,'北京屠城'),(6889,7,'北京青年报黑幕'),(6888,7,'北京青年报'),(6887,7,'北京反革命暴乱'),(6884,7,'北韩'),(6883,7,'北大三角地论坛'),(6882,7,'北大静园的集会'),(6880,7,'爆光'),(6878,7,'鲍彤'),(6876,7,'暴政'),(6874,7,'暴露狂'),(6873,7,'保密电话机'),(6871,7,'保钓'),(6870,7,'百莲凯骗子'),(6868,7,'白皮书'),(6866,7,'白立朴'),(6864,7,'罢工'),(6862,7,'巴赫'),(6860,7,'八九民运'),(6857,7,'安乡首富'),(6855,7,'安全机关侦查权论'),(6853,7,'爱情杀手'),(6848,7,'爱国者出盟网'),(6845,7,'爱国运动'),(6843,7,'《北京青年报》计划上市'),(6841,7,'屄'),(6837,7,'zhengjian'),(6835,7,'yuming'),(6833,7,'yanyong'),(6831,7,'xys2'),(6829,7,'xxx'),(6827,7,'xingjiao'),(6825,7,'xiaocankao'),(6823,7,'x365xbb'),(6822,7,'x365x. net新域名'),(6820,7,'x365'),(6816,7,'wstaiji'),(6814,7,'wangce'),(6812,7,'voa'),(6810,7,'video'),(6808,7,'ustibet'),(6806,7,'ultrasurf'),(6802,7,'top555'),(6803,7,'triangle'),(6800,7,'tibetalk'),(6798,7,'taiwankiss'),(6796,7,'svdc'),(6794,7,'sm'),(6792,7,'simimi'),(6790,7,'sexxx'),(6788,7,'sexphoto'),(6786,7,'seqing'),(6784,7,'seeder'),(6782,7,'safeweb'),(6780,7,'renmingbao'),(6778,7,'relaxbook'),(6776,7,'pussy'),(6773,7,'porno'),(6771,7,'playboy'),(6769,7,'picture'),(6767,7,'persian'),(6765,7,'peacehall'),(6763,7,'nude'),(6761,7,'nipple'),(6759,7,'naive'),(6757,7,'morok'),(6755,7,'minghuinews'),(6753,7,'milf'),(6751,7,'lryz'),(6749,7,'lingerie'),(6747,7,'lesbian'),(6745,7,'kiss'),(6743,7,'june4'),(6740,7,'jdh35ii'),(6738,7,'jdh35'),(6736,7,'japansweet'),(6734,7,'III片'),(6731,7,'hustler'),(6729,7,'hschoolgirls'),(6727,7,'hot辣女'),(6725,7,'hotgirl'),(6723,7,'hongzhi'),(6721,7,'hardcore'),(6719,7,'hacker'),(6717,7,'g点'),(6715,7,'girl'),(6713,7,'gay'),(6711,7,'freenet'),(6709,7,'freechina'),(6707,7,'fengsao'),(6705,7,'falungong'),(6703,7,'falundafa'),(6701,7,'falu'),(6699,7,'dpp'),(6697,7,'dick'),(6695,7,'dajiyuan'),(6693,7,'dacankao'),(6691,7,'cum'),(6689,7,'coitus'),(6687,7,'cock'),(6685,7,'chinesenewsnet'),(6682,7,'cherry'),(6680,7,'boyvcd'),(6678,7,'blue8'),(6676,7,'bignews'),(6674,7,'badboy'),(6672,7,'av贴图'),(6670,7,'av'),(6668,7,'asiasex'),(6666,7,'aotu'),(6664,7,'ameteur'),(6662,7,'amateur'),(6660,7,'a4y'),(6658,7,'99bb'),(6656,7,'89学生运动'),(6654,7,'89风波'),(6652,7,'89-64cdjp'),(6650,7,'722'),(6648,7,'6F9色情'),(6646,7,'666'),(6643,7,'6-4tianwang'),(6644,7,'6.4'),(6640,7,'518sex'),(6641,7,'51xcn'),(6638,7,'4.25'),(6634,7,'365新网站'),(6631,7,'365贴图'),(6629,7,'365论坛'),(6628,7,'365的新网址'),(6626,7,'365ca贴图'),(6624,7,'365'),(6622,7,'2008年奥运会香港举办部分项目'),(6620,7,'2004中国媒体十大事件'),(6617,7,'1989'),(6615,7,'18禁'),(6613,7,'18girl'),(6611,7,'18'),(6608,7,'168adult'),(6604,7,'01-1001-970010'),(6602,7,'007girls'),(6601,6,'锺蕾妮'),(6599,6,'滕文生'),(6597,6,'掰穴'),(6596,6,'璩美凤性爱'),(6594,6,'嫖'),(6591,6,'猥亵'),(6588,6,'邝锦文'),(6586,6,'睾丸'),(6583,6,'作爱'),(6581,6,'罪恶'),(6579,6,'走私'),(6574,6,'自由门'),(6572,6,'自已的故事'),(6570,6,'自拍'),(6568,6,'自己的故事'),(6566,6,'子宫'),(6564,6,'转化'),(6562,6,'专制'),(6560,6,'注册码'),(6558,6,'猪容鸡'),(6556,6,'猪聋畸'),(6554,6,'朱容基'),(6552,6,'朱毛'),(6550,6,'朱嘉明'),(6549,6,'周永康'),(6547,6,'周天法'),(6542,6,'中文搜性网'),(6530,6,'中核404厂'),(6525,6,'中国问题论坛'),(6523,6,'中国铁路中国造'),(6521,6,'中国社会进步党'),(6516,6,'中国孤儿院'),(6514,6,'中国复兴论坛'),(6513,6,'中国报业怎样开放'),(6511,6,'中功'),(6508,6,'指点江山论坛'),(6506,6,'证监会自焚'),(6504,6,'郑义'),(6502,6,'政治犯'),(6501,6,'政治反对派'),(6497,6,'正名'),(6495,6,'争鸣论坛'),(6492,6,'真象'),(6490,6,'真善忍'),(6488,6,'折民'),(6486,6,'赵紫阳去世'),(6484,6,'赵紫洋'),(6482,6,'赵紫杨'),(6480,6,'赵晓微'),(6478,6,'赵南'),(6476,6,'赵公紫阳'),(6474,6,'张昭富'),(6472,6,'张文英'),(6470,6,'张惟英'),(6468,6,'张默与邓婕的秘密'),(6466,6,'张健'),(6464,6,'张钢'),(6462,6,'张伯笠'),(6460,6,'曾培炎'),(6458,6,'泽民'),(6456,6,'早泄'),(6454,6,'暂住人员住房问题'),(6452,6,'月宫'),(6450,6,'远志明'),(6447,6,'援交'),(6445,6,'欲火'),(6443,6,'宇明网'),(6441,6,'娱乐黄站'),(6439,6,'舆论反制'),(6437,6,'于浩成'),(6435,6,'幼图'),(6433,6,'幼交'),(6431,6,'诱惑'),(6429,6,'游行'),(6427,6,'应召'),(6425,6,'尹庆民'),(6423,6,'淫液'),(6421,6,'淫香书院'),(6419,6,'淫图'),(6417,6,'淫书'),(6414,6,'淫荡'),(6412,6,'阴毛'),(6410,6,'阴户'),(6408,6,'阴蒂'),(6406,6,'阴唇'),(6404,6,'异议人士'),(6401,6,'议会立宪'),(6399,6,'亦凡'),(6397,6,'易志熹'),(6395,6,'以下'),(6392,6,'一夜情'),(6389,6,'一蹋糊涂'),(6386,6,'一塌糊涂'),(6382,6,'一个令中国人发抖的名字'),(6379,6,'夜话紫禁城'),(6377,6,'野狼帝国'),(6375,6,'阳具'),(6373,6,'杨周'),(6370,6,'杨建利'),(6371,6,'杨巍'),(6367,6,'艳遇'),(6365,6,'艳情小说'),(6363,6,'阎明复'),(6360,6,'严家祺'),(6353,6,'亚热'),(6351,6,'亚交'),(6349,6,'寻春园'),(6346,6,'雪山狮子'),(6344,6,'学运'),(6342,6,'学生妹s'),(6339,6,'学联'),(6337,6,'薛伟'),(6335,6,'许智勇'),(6333,6,'徐文立'),(6331,6,'徐匡迪'),(6329,6,'徐邦秦'),(6327,6,'熊焱'),(6325,6,'胸部'),(6323,6,'性行为'),(6321,6,'性息'),(6319,6,'性网站'),(6317,6,'性搜网'),(6315,6,'性派对'),(6313,6,'性虐待'),(6311,6,'性交'),(6309,6,'性饥渴'),(6307,6,'性高潮'),(6304,6,'性福街'),(6302,6,'性变态'),(6300,6,'性保健'),(6298,6,'性爱'),(6295,6,'心藏大恶'),(6292,6,'新唐人电视台'),(6288,6,'新华内情'),(6286,6,'新观察论坛'),(6284,6,'谢中之'),(6282,6,'谢长廷'),(6280,6,'写真'),(6278,6,'肖强'),(6276,6,'小泽圆电影'),(6274,6,'小穴'),(6272,6,'小龙女'),(6269,6,'小电影'),(6270,6,'小洞'),(6267,6,'小便'),(6265,6,'项小吉'),(6258,6,'咸湿'),(6256,6,'下注'),(6253,6,'下岗'),(6251,6,'洗澡'),(6249,6,'习近平'),(6247,6,'稀见史料'),(6245,6,'吸精少女'),(6242,6,'西藏独立'),(6240,6,'西安游行'),(6237,6,'五不'),(6235,6,'吴学璨'),(6233,6,'吴仁华'),(6231,6,'吴宏达'),(6229,6,'吴方城'),(6225,6,'无助的妻子'),(6219,6,'无极社区'),(6216,6,'我日'),(6214,6,'文革'),(6212,6,'温家宝'),(6210,6,'魏新生'),(6207,6,'伟哥'),(6205,6,'网上情人'),(6203,6,'王振华'),(6201,6,'王秀丽'),(6199,6,'王希哲'),(6197,6,'王润生'),(6195,6,'王力雄'),(6193,6,'王沪宁'),(6191,6,'王刚'),(6189,6,'王丹'),(6187,6,'王策'),(6185,6,'王宝森'),(6182,6,'万晓东'),(6181,6,'万维读者论坛'),(6178,6,'玩少女贴图'),(6175,6,'外交论坛'),(6172,6,'脱衣'),(6170,6,'突破网禁'),(6168,6,'透明装'),(6166,6,'偷拍'),(6162,6,'痛经'),(6161,6,'痛打中宣部'),(6158,6,'统独'),(6154,6,'同性'),(6152,6,'同居'),(6150,6,'舔脚'),(6148,6,'天葬'),(6137,6,'天安门'),(6135,6,'讨伐中宣部'),(6134,6,'讨伐教育部'),(6132,6,'桃色迷情'),(6130,6,'桃花源记'),(6128,6,'唐柏桥'),(6126,6,'贪污'),(6123,6,'台湾政论区'),(6121,6,'台湾建国运动组织'),(6118,6,'台湾独立'),(6117,6,'台湾18成人网'),(6115,6,'台独'),(6113,6,'素人'),(6111,6,'苏绍智'),(6109,6,'宋书元'),(6107,6,'宋法棠'),(6100,6,'死亡名单'),(6098,6,'司马璐'),(6096,6,'斯诺'),(6093,6,'双性恋'),(6094,6,'水扁'),(6090,6,'熟女'),(6088,6,'兽欲'),(6086,6,'兽奸'),(6084,6,'手淫'),(6083,6,'收容所亲历记'),(6081,6,'视频语音聊天室'),(6078,6,'事实独立'),(6077,6,'世界经济导报'),(6072,6,'十八摸'),(6073,6,'石戈'),(6070,6,'失业'),(6068,6,'师生恋'),(6066,6,'盛雪'),(6064,6,'升天'),(6062,6,'审江大联盟'),(6060,6,'沈浩波'),(6059,6,'神通加持法'),(6057,6,'射在子宫'),(6055,6,'射精'),(6052,6,'少女乐园'),(6049,6,'上海帮'),(6047,6,'上床'),(6043,6,'山东大学王小云教授公成破解MD5算法'),(6042,6,'山东大学王小云教授'),(6040,6,'色之图库'),(6038,6,'色域'),(6035,6,'色网'),(6033,6,'色搜索'),(6031,6,'色区'),(6028,6,'色情'),(6026,6,'色女'),(6025,6,'色男俱乐部'),(6023,6,'色迷迷'),(6021,6,'色猫'),(6019,6,'色狼'),(6017,6,'色即是空'),(6015,6,'色狐'),(6013,6,'色宝贝'),(6011,6,'骚'),(6009,6,'三条腿'),(6006,6,'三点'),(6003,6,'乳头'),(6001,6,'乳沟'),(5999,6,'如何推翻中共'),(5997,6,'肉欲'),(5995,6,'肉蒲团'),(5991,6,'日本女孩'),(5989,6,'任长霞局牺牲黑幕'),(5988,6,'任长霞局长牺牲黑幕'),(5985,6,'人妖'),(5982,6,'人兽'),(5983,6,'人兽交'),(5980,6,'人民之声论坛'),(5978,6,'人民内情真相'),(5976,6,'热站政论网'),(5974,6,'群体灭绝'),(5971,6,'全身光溜溜'),(5970,6,'全球公审江泽民'),(5968,6,'穷人'),(5966,6,'情欲'),(5964,6,'情色论坛'),(5962,6,'情趣用品'),(5960,6,'情爱'),(5958,6,'轻舟快讯'),(5957,6,'青天白日旗'),(5955,6,'秦晋'),(5953,6,'亲美'),(5951,6,'钦本立'),(5949,6,'抢粮记'),(5947,6,'强暴'),(5945,6,'钱其琛'),(5943,6,'钱达'),(5941,6,'祁建'),(5939,6,'瀑布沟'),(5938,6,'迫害'),(5935,6,'平反六四'),(5931,6,'盼港参与承办北京奥运项目'),(5929,6,'潘国平'),(5927,6,'虐待'),(5925,6,'女医生'),(5923,6,'女王'),(5921,6,'女生'),(5917,6,'弄那里'),(5913,6,'你妈'),(5911,6,'嫩穴'),(5909,6,'嫩b'),(5906,6,'内裤'),(5904,6,'难民'),(5901,6,'南大自由论坛'),(5898,6,'木犀地'),(5896,6,'摩洛客'),(5894,6,'明惠'),(5892,6,'民族矛盾'),(5889,6,'民主墙'),(5890,6,'民主运动'),(5886,6,'民阵'),(5887,6,'民猪'),(5883,6,'民意'),(5881,6,'民进党'),(5878,6,'免费A片'),(5875,6,'密云彩虹桥'),(5873,6,'密处'),(5871,6,'迷药'),(5869,6,'猛男'),(5866,6,'蒙独'),(5864,6,'媚外'),(5860,6,'妹妹'),(5858,6,'美腿'),(5856,6,'美乳'),(5854,6,'美女'),(5851,6,'美国参考'),(5849,6,'么么蜜'),(5847,6,'毛泽东与张玉凤同居'),(5845,6,'毛厕洞'),(5843,6,'卖国'),(5841,6,'买春'),(5839,6,'马三家'),(5837,6,'马大维'),(5835,6,'裸照'),(5833,6,'裸体图片'),(5830,6,'裸女'),(5828,6,'罗伟凡'),(5826,6,'罗干'),(5824,6,'伦功'),(5822,6,'轮奸'),(5820,6,'轮大'),(5818,6,'掠夺'),(5816,6,'乱伦'),(5814,6,'吕京花'),(5812,6,'露阴痞'),(5810,6,'露穴'),(5808,6,'露点'),(5806,6,'龙卷风'),(5804,6,'六四血卡'),(5800,6,'六四的悲惨事件'),(5798,6,'六四'),(5796,6,'流亡'),(5793,6,'刘晓竹'),(5791,6,'刘文胜'),(5789,6,'刘山青'),(5787,6,'刘千石'),(5785,6,'刘俊国'),(5782,6,'刘刚'),(5783,6,'刘国凯'),(5780,6,'刘宾深'),(5778,6,'林樵清'),(5776,6,'林长盛'),(5770,6,'良玉'),(5768,6,'梁擎墩'),(5766,6,'恋物癖'),(5764,6,'廉政大论坛'),(5762,6,'连胜德'),(5760,6,'联席'),(5758,6,'李岚清'),(5756,6,'李总理'),(5754,6,'李月月鸟'),(5752,6,'李小朋'),(5750,6,'李文斌'),(5748,6,'李淑娴'),(5746,6,'李瑞环'),(5745,6,'李契克告中国人民解放军广大官兵书'),(5743,6,'李录'),(5741,6,'李老师'),(5739,6,'李红痔'),(5737,6,'李洪宽'),(5735,6,'李大师'),(5733,6,'理想信念追求'),(5731,6,'老人政治'),(5728,6,'劳教'),(5725,6,'浪穴'),(5723,6,'浪女'),(5721,6,'辣女'),(5718,6,'裤袜'),(5715,6,'口交'),(5712,6,'抗议'),(5708,6,'军港物资补给车'),(5706,6,'绝食'),(5704,6,'巨乳'),(5700,6,'九评'),(5697,6,'经文'),(5695,6,'精气'),(5692,6,'禁区'),(5690,6,'禁看'),(5687,6,'锦涛'),(5685,6,'金尧如'),(5682,6,'解封'),(5680,6,'揭批书'),(5678,6,'教养院'),(5676,6,'交换夫妻'),(5674,6,'交班'),(5672,6,'酱猪媳'),(5668,6,'疆独'),(5666,6,'江主席'),(5664,6,'江猪'),(5662,6,'江贼民'),(5660,6,'江泽民'),(5658,6,'江则民'),(5656,6,'江苏省道路交通条例'),(5650,6,'江青'),(5648,6,'江绵恒'),(5645,6,'江罗'),(5643,6,'江羅'),(5641,6,'江澤民'),(5639,6,'江x民'),(5637,6,'将则民'),(5635,6,'僵贼民'),(5633,6,'建国党'),(5631,6,'奸幼'),(5629,6,'奸夫'),(5627,6,'尖阁'),(5625,6,'贾廷安'),(5622,6,'妓院'),(5619,6,'集权接掌请愿书'),(5614,6,'极度色坛'),(5611,6,'鸡奸'),(5609,6,'鸡八'),(5605,6,'激情电影'),(5603,6,'积克馆'),(5599,6,'慧网'),(5597,6,'回民暴动'),(5594,6,'回良玉'),(5595,6,'回良玉谣言'),(5592,6,'黄站'),(5590,6,'黄网'),(5588,6,'黄菊　'),(5586,6,'黄金高'),(5584,6,'黄慈萍'),(5576,6,'华通时事论坛'),(5574,6,'华建敏将兼任证监会主席'),(5571,6,'花和尚论坛'),(5569,6,'护法'),(5567,6,'胡平'),(5565,6,'胡锦淘'),(5563,6,'胡锦涛'),(5561,6,'胡长安'),(5559,6,'后宫电影'),(5557,6,'红色恐怖'),(5555,6,'红朝谎言录'),(5553,6,'洪志'),(5551,6,'洪吟'),(5549,6,'洪传'),(5547,6,'黑软'),(5545,6,'黑客'),(5543,6,'合欢散'),(5541,6,'何德普'),(5538,6,'好嫩'),(5534,6,'汉源'),(5532,6,'汉回'),(5530,6,'韩联潮'),(5528,6,'裹本'),(5525,6,'国内联赛赌球'),(5523,6,'国军'),(5520,6,'国家安全'),(5521,6,'国家安全机关侦查权论'),(5519,6,'国安松江分局副局长'),(5517,6,'郭平'),(5515,6,'龟头'),(5512,6,'灌肠'),(5507,6,'狗腿子'),(5504,6,'共狗'),(5502,6,'共党'),(5498,6,'功法'),(5496,6,'工党'),(5494,6,'更衣'),(5491,6,'蛤蟆'),(5489,6,'戈扬'),(5486,6,'高自联'),(5484,6,'高薪养廉'),(5482,6,'高官'),(5480,6,'肛温'),(5478,6,'肛交'),(5476,6,'干你娘'),(5474,6,'付申奇'),(5472,6,'傅申奇'),(5469,6,'冯素英'),(5465,6,'风艳阁'),(5463,6,'封杀'),(5461,6,'粉饰太平'),(5459,6,'分家在十月'),(5457,6,'分家'),(5455,6,'废除劳教签名'),(5453,6,'飞扬论坛'),(5450,6,'方舟子'),(5448,6,'反社会'),(5446,6,'反共'),(5440,6,'反对日本介入中国铁路工业建设网络签名活动'),(5438,6,'珐伦'),(5436,6,'法谪功'),(5434,6,'法十轮十功'),(5432,6,'法仑'),(5430,6,'法轮大法好'),(5428,6,'法抡功'),(5425,6,'法run功'),(5423,6,'法*功'),(5421,6,'发正念'),(5419,6,'发论公'),(5417,6,'发论'),(5415,6,'发伦'),(5413,6,'发抡功'),(5411,6,'发*公'),(5408,6,'俄罗斯尤甘斯克公司出售股份'),(5406,6,'堕落天使'),(5403,6,'对北大某博士后的揭露'),(5401,6,'杜导斌'),(5399,6,'赌钱'),(5397,6,'独立台湾会'),(5395,6,'独裁政治'),(5393,6,'动态网'),(5390,6,'东土耳其斯坦'),(5389,6,'东突流亡政府'),(5387,6,'东南西北论谈'),(5385,6,'东方时空'),(5380,6,'顶级片'),(5378,6,'丁元'),(5376,6,'调教'),(5373,6,'电视流氓'),(5371,6,'第四代'),(5367,6,'地下教会'),(5365,6,'迪里夏提'),(5363,6,'登辉'),(5361,6,'荡女'),(5359,6,'弹劾'),(5358,6,'代理服务器'),(5352,6,'大使记'),(5350,6,'大史'),(5348,6,'大鸟'),(5344,6,'大家论坛'),(5340,6,'大纪元'),(5337,6,'大放送'),(5335,6,'大法'),(5333,6,'大波'),(5331,6,'打炮'),(5329,6,'催情药'),(5325,6,'春宫'),(5322,6,'传华建敏今讲话或出任证监会主席'),(5320,6,'雏妓'),(5317,6,'赤裸'),(5315,6,'赤匪'),(5312,6,'吃精'),(5310,6,'程铁军'),(5308,6,'成人小说'),(5306,6,'陈总统'),(5304,6,'陈宣良'),(5302,6,'陈希同'),(5300,6,'陈蒙'),(5298,6,'陈军'),(5296,6,'撤消关闭一塌糊涂'),(5294,6,'长片'),(5292,6,'猖妓'),(5290,6,'插穴'),(5288,6,'插她'),(5286,6,'插他'),(5284,6,'插屁'),(5283,6,'插你'),(5281,6,'插的'),(5279,6,'插b'),(5277,6,'曹长青'),(5275,6,'操穴'),(5273,6,'操她'),(5271,6,'操他'),(5269,6,'操屁'),(5267,6,'操烂'),(5265,6,'操得'),(5262,6,'操逼'),(5260,6,'藏独'),(5257,6,'踩江图'),(5255,6,'踩江'),(5252,6,'博讯'),(5250,6,'波路西'),(5248,6,'波霸'),(5246,6,'变态'),(5243,6,'北京之春'),(5238,6,'北京反革命暴乱'),(5236,6,'北京当局'),(5232,6,'北朝鲜'),(5230,6,'鲍鱼'),(5228,6,'鲍戈'),(5226,6,'暴乱'),(5224,6,'保密电话机'),(5222,6,'保钓'),(5221,6,'百莲凯骗子'),(5219,6,'白皮书'),(5216,6,'罢课'),(5217,6,'白立朴'),(5213,6,'巴赫'),(5214,6,'拔出来'),(5211,6,'八九民运'),(5207,6,'安全厅'),(5206,6,'安全机关侦查权论'),(5204,6,'爱情杀手'),(5199,6,'爱国者出盟网'),(5195,6,'阿宾'),(5194,6,'《北京青年报》计划上市'),(5192,6,'屄'),(5188,6,'zhengjian'),(5186,6,'yuming'),(5184,6,'yanyong'),(5182,6,'xys2'),(5180,6,'xxx'),(5178,6,'xingjiao'),(5176,6,'xiaocankao'),(5174,6,'x365xbb'),(5173,6,'x365x. net新域名'),(5171,6,'x365'),(5167,6,'wstaiji'),(5165,6,'wangce'),(5163,6,'voa'),(5161,6,'video'),(5159,6,'ustibet'),(5157,6,'ultrasurf'),(5155,6,'triangleboy'),(5153,6,'top555'),(5151,6,'tibetalk'),(5149,6,'taiwankiss'),(5147,6,'svdc'),(5145,6,'sm'),(5143,6,'simimi'),(5141,6,'sexxx'),(5139,6,'sexphoto'),(5137,6,'seqing'),(5135,6,'seeder'),(5133,6,'safeweb'),(5131,6,'renmingbao'),(5129,6,'relaxbook'),(5127,6,'pussy'),(5124,6,'porno'),(5122,6,'playboy'),(5120,6,'picture'),(5117,6,'penis'),(5118,6,'persian'),(5115,6,'paper64'),(5113,6,'nmis'),(5110,6,'naive'),(5111,6,'naked'),(5108,6,'morok'),(5105,6,'minghui'),(5106,6,'minghuinews'),(5103,6,'making'),(5101,6,'love'),(5098,6,'lesbian'),(5099,6,'lihongzhi'),(5096,6,'kiss'),(5094,6,'june4'),(5091,6,'jdh35ii'),(5089,6,'jdh35'),(5087,6,'japansweet'),(5085,6,'III片'),(5083,6,'hypermart.net'),(5081,6,'huanet'),(5079,6,'hrichina'),(5077,6,'hotsex'),(5075,6,'hot'),(5073,6,'hello.vbs'),(5071,6,'happysky'),(5069,6,'g片'),(5067,6,'graphis'),(5064,6,'gay'),(5065,6,'gcd'),(5062,6,'freenet'),(5060,6,'freechina'),(5058,6,'fengsao'),(5056,6,'falungong'),(5054,6,'falundafa'),(5051,6,'erotica'),(5052,6,'falu'),(5049,6,'dildo'),(5046,6,'dajiyuan'),(5047,6,'dfdz'),(5044,6,'dacankao'),(5042,6,'cum'),(5040,6,'coitus'),(5038,6,'cock'),(5036,6,'chinesenewsnet'),(5033,6,'cherry'),(5031,6,'boyvcd'),(5029,6,'blue8'),(5027,6,'bignews'),(5025,6,'badboy'),(5023,6,'av贴图'),(5021,6,'av'),(5019,6,'asiasex'),(5017,6,'aotu'),(5015,6,'ameteur'),(5013,6,'amateur'),(5011,6,'a4y'),(5009,6,'99bb'),(5006,6,'89绝食'),(5004,6,'89动乱'),(5002,6,'89'),(5000,6,'7.22'),(4998,6,'6F9'),(4996,6,'64'),(4993,6,'5898'),(4991,6,'518sex'),(4989,6,'4.25'),(4982,6,'365贴图'),(4980,6,'365论坛'),(4979,6,'365的新网址'),(4976,6,'365ca'),(4974,6,'21世纪中国基金会'),(4973,6,'2008年奥运会香港举办部分项目'),(4970,6,'2001vcd'),(4969,6,'1989年6月4日'),(4967,6,'18岁'),(4965,6,'18yinwa'),(4964,6,'18girl'),(4962,6,'18'),(4959,6,'168adult'),(4954,6,'01'),(7264,7,'极度图库'),(7263,7,'极度色坛'),(7260,7,'鸡奸'),(7258,7,'鸡八'),(7254,7,'激情电影'),(7251,7,'基督'),(7250,7,'火辣图片'),(7249,7,'会员精粹区'),(7245,7,'回民'),(7242,7,'回汉'),(7239,7,'黄网'),(7236,7,'黄菊'),(7234,7,'黄祸'),(7229,7,'欢欢娱乐时空'),(7228,7,'华岳时事论坛'),(7227,7,'华语世界论坛'),(7226,7,'华夏文摘'),(7222,7,'华建敏'),(7221,7,'花花公子'),(7220,7,'花和尚论坛'),(7218,7,'护法'),(7211,7,'胡紧掏'),(7203,7,'宏法'),(7201,7,'洪哲胜'),(7199,7,'洪爷'),(7197,7,'狠插'),(7195,7,'黑马'),(7193,7,'河殇'),(7188,7,'好死不如赖活着'),(7185,7,'杭州市国家安全局团委'),(7181,7,'汉回'),(7179,7,'韩联潮'),(7176,7,'国贼'),(7170,7,'国家安全机关侦查权论'),(7167,7,'郭岩华'),(7163,7,'广闻'),(7161,7,'灌肠'),(7158,7,'关于足球与宪政建设的思考'),(7156,7,'狗腿子'),(7153,7,'共狗'),(7150,7,'共产'),(7149,7,'公审李鹏'),(7148,7,'公审江泽民'),(7142,7,'给你爽'),(7141,7,'个人崇拜'),(7139,7,'鸽派'),(7135,7,'高自联'),(7132,7,'高文谦'),(7129,7,'肛温'),(7126,7,'干炮'),(7124,7,'干你'),(7122,7,'傅志寰'),(7118,7,'冯素英'),(7113,7,'风流'),(7111,7,'封从德'),(7109,7,'分裂'),(7108,7,'分家在十月'),(7106,7,'分家'),(7103,7,'肥奶'),(7095,7,'反共'),(7088,7,'反对日本介入中国铁路工业'),(7085,7,'法谪功'),(7082,7,'法论'),(7080,7,'法伦'),(7077,7,'法抡功'),(7074,7,'法run功'),(7071,7,'发愣'),(7067,7,'发论功'),(7063,7,'发轮'),(7057,7,'俄罗斯尤甘斯克公司出售股份'),(7055,7,'堕落天使'),(7052,7,'对北大某博士后的揭露'),(7050,7,'杜导斌'),(7048,7,'赌钱'),(7041,7,'动乱'),(7040,7,'东西南北论坛'),(7039,7,'东土耳其斯坦'),(7036,7,'东南西北论谈'),(7034,7,'东方时空'),(7028,7,'丁子霖'),(7024,7,'钓鱼岛'),(7023,7,'电影下载'),(7021,7,'弟子'),(7019,7,'第三者'),(7018,7,'地狱天使'),(7017,7,'地下刊物'),(7016,7,'地下教会'),(7014,7,'迪里夏提'),(7012,7,'登辉'),(7010,7,'荡女'),(7008,7,'弹劾'),(7006,7,'戴相龙'),(7005,7,'大众真人真事'),(7004,7,'大中华论坛'),(7003,7,'大中国论坛'),(7002,7,'大王一条街'),(7000,7,'大史记'),(6998,7,'大乳'),(6996,7,'大奶'),(6994,7,'大露鲍鱼'),(6992,7,'大纪园'),(6991,7,'大纪元郑重申明'),(6990,7,'大纪元新闻网'),(6988,7,'大鸡巴'),(6986,7,'大放送'),(6985,7,'大法弟子'),(6983,7,'大参考'),(6981,7,'大便'),(6979,7,'达赖'),(6977,7,'春药'),(6976,7,'春夏自由论坛'),(6975,7,'春光荡漾'),(6973,7,'床上'),(6972,7,'传兼任证监主席'),(6970,7,'处女'),(6968,7,'抽插'),(6967,7,'赤裸龙虎'),(6965,7,'赤化'),(6963,7,'迟浩田'),(6962,7,'持不同政见'),(6960,7,'程真'),(6958,7,'程凯'),(6956,7,'成人'),(6954,7,'陈一谘'),(6952,7,'陈小同'),(6950,7,'陈破空'),(6948,7,'陈良宇'),(6946,7,'陈炳基'),(6945,7,'撤消关闭一塌糊涂'),(6942,7,'常劲'),(6940,7,'柴玲'),(6938,7,'插我'),(6936,7,'插它'),(6934,7,'插入'),(6931,7,'插进'),(6929,7,'插得'),(6927,7,'厕所'),(6925,7,'操丫'),(6923,7,'操我'),(6921,7,'操它'),(6919,7,'操死'),(6917,7,'操你'),(6915,7,'操的'),(6913,7,'操逼图'),(6912,7,'操逼电影'),(6910,7,'操b'),(6908,7,'蔡崇国'),(6907,7,'踩江游戏'),(6905,7,'踩江鬼'),(6903,7,'不贞'),(6902,7,'不夜猛男'),(6900,7,'波女'),(6898,7,'波波'),(6896,7,'变性'),(6894,7,'避孕套'),(6893,7,'北美自由论坛'),(6891,7,'北京雅宝大厦拒绝国人'),(6886,7,'北京对公务车试点改革'),(6885,7,'北京当局'),(6881,7,'北朝鲜'),(6879,7,'鲍鱼'),(6877,7,'鲍戈'),(6875,7,'暴乱'),(6872,7,'保健'),(6869,7,'百家乐'),(6867,7,'白梦'),(6865,7,'罢课'),(6863,7,'拔出来'),(6861,7,'八老'),(6859,7,'八九'),(6858,7,'凹凸俱乐部'),(6856,7,'安全厅'),(6854,7,'爱液'),(6852,7,'爱妹妹'),(6851,7,'爱国者同盟网'),(6850,7,'爱国者同盟'),(6849,7,'爱国者联盟网'),(6847,7,'爱国者'),(6846,7,'爱国运动正名'),(6844,7,'阿宾'),(6842,7,'煉功'),(6840,7,'zhuanfalun'),(6839,7,'zhenshanren'),(6838,7,'zhengjianwang'),(6836,7,'zhaoziyang'),(6834,7,'ytht'),(6832,7,'y28'),(6830,7,'xys'),(6828,7,'xx'),(6826,7,'xin'),(6824,7,'x636'),(6821,7,'x365x'),(6819,7,'x'),(6818,7,'www.tevoortwis.net'),(6817,7,'www.dickbig.com/'),(6815,7,'wolala'),(6813,7,'voachinese'),(6811,7,'virgin'),(6809,7,'vcd3000'),(6807,7,'unixbox'),(6805,7,'tw18'),(6804,7,'triangleboy'),(6801,7,'tits'),(6799,7,'teen'),(6797,7,'taip'),(6795,7,'suck'),(6793,7,'simple'),(6791,7,'sexy'),(6789,7,'sexual'),(6787,7,'sex'),(6785,7,'seekease'),(6783,7,'secool'),(6781,7,'rfa'),(6779,7,'renminbao'),(6777,7,'rape'),(6775,7,'princeton'),(6774,7,'pornography'),(6772,7,'porn'),(6770,7,'piss'),(6768,7,'petgirl'),(6766,7,'penis'),(6764,7,'paper64'),(6762,7,'nmis'),(6760,7,'naked'),(6758,7,'nacb'),(6756,7,'mmfan'),(6754,7,'minghui'),(6752,7,'making'),(6750,7,'love'),(6748,7,'lihongzhi'),(6746,7,'kitty'),(6744,7,'June4th'),(6742,7,'jsexcinema'),(6741,7,'jiangdongriji'),(6739,7,'jdh35-ii'),(6737,7,'japanvcd'),(6735,7,'incest'),(6733,7,'h卡通'),(6732,7,'hypermart.net'),(6730,7,'huanet'),(6728,7,'hrichina'),(6726,7,'hotsex'),(6724,7,'hot'),(6722,7,'hello.vbs'),(6720,7,'happysky'),(6718,7,'g片'),(6716,7,'graphis'),(6714,7,'gcd'),(6712,7,'fuck'),(6710,7,'freedom'),(6708,7,'flg'),(6706,7,'fa轮'),(6704,7,'falunfofa'),(6702,7,'falun'),(6700,7,'erotica'),(6698,7,'dildo'),(6696,7,'dfdz'),(6694,7,'dafa'),(6692,7,'cunt'),(6690,7,'creaders'),(6688,7,'coition'),(6686,7,'cnd'),(6684,7,'chinamz'),(6683,7,'chinaliberal'),(6681,7,'breast'),(6679,7,'boxun'),(6677,7,'blowjob'),(6675,7,'badgirl'),(6673,7,'a片'),(6671,7,'avvcd'),(6669,7,'ass'),(6667,7,'asftool'),(6665,7,'anal'),(6663,7,'amateurs'),(6661,7,'adult'),(6659,7,'a4u'),(6657,7,'999real'),(6655,7,'89绝食'),(6653,7,'89动乱'),(6651,7,'89'),(6649,7,'7.22'),(6647,7,'6F9'),(6645,7,'64'),(6642,7,'5898'),(6639,7,'425'),(6637,7,'3movies'),(6636,7,'365新域名'),(6635,7,'365新网址'),(6633,7,'365新论坛'),(6632,7,'365新地址'),(6630,7,'365情网'),(6627,7,'365x'),(6625,7,'365ca'),(6623,7,'21世纪中国基金会'),(6621,7,'2008北京奥运法律框架报告'),(6619,7,'2001vcd'),(6618,7,'1989年6月4日'),(6616,7,'18岁'),(6614,7,'18yinwa'),(6612,7,'18adult'),(6610,7,'16大'),(6609,7,'168casino在线游戏'),(6607,7,'15岁'),(6606,7,'13924224261'),(6605,7,'01-1763-991799'),(6603,7,'01'),(6600,6,'斐得勒'),(6598,6,'胴体'),(6595,6,'绯闻'),(6593,6,'娼'),(6592,6,'恪尽职守为稳定'),(6590,6,'咪咪'),(6589,6,'咦宝贝网'),(6587,6,'偎亵'),(6585,6,'作秀'),(6584,6,'作爱图片'),(6582,6,'做爱'),(6580,6,'祖英'),(6578,6,'宗教'),(6577,6,'自由之门'),(6576,6,'自由亚洲电台'),(6575,6,'自由民主论坛'),(6573,6,'自由'),(6571,6,'自慰'),(6569,6,'自民党'),(6567,6,'自焚'),(6565,6,'紫阳'),(6563,6,'转珐'),(6561,6,'专机'),(6559,6,'主义'),(6557,6,'猪毛1'),(6555,6,'朱镕基'),(6553,6,'朱溶剂'),(6551,6,'朱琳'),(6548,6,'周旋'),(6546,6,'周锋锁'),(6545,6,'重审林彪罪案'),(6544,6,'钟山风雨论坛'),(6543,6,'中宣部是中国社会的爱滋病'),(6541,6,'中科院道德建设委员会副主任张存浩撰文揭露四类科学不端行为'),(6540,6,'中华真实报道'),(6539,6,'中华伊甸园'),(6538,6,'中华养生益智功'),(6537,6,'中华时事'),(6536,6,'中华人民正邪'),(6535,6,'中华人民实话实说'),(6534,6,'中华民国'),(6533,6,'中华讲清'),(6532,6,'中华大众'),(6531,6,'中华大地'),(6529,6,'中国猪'),(6528,6,'中国之春'),(6527,6,'中国证监会尚福林指责股权分离如长期存在'),(6526,6,'中国真实内容'),(6524,6,'中国威胁论'),(6522,6,'中国社会论坛'),(6520,6,'中国论坛'),(6519,6,'中国和平'),(6518,6,'中国核武器悄悄诞生'),(6517,6,'中国核城'),(6515,6,'中国改革年代政治斗争'),(6512,6,'中共'),(6510,6,'中方对历史问题絮絮叨叨'),(6509,6,'中俄边界'),(6507,6,'支那'),(6505,6,'郑源'),(6503,6,'郑建源'),(6500,6,'政权'),(6499,6,'正义党论坛'),(6498,6,'正邪大战'),(6496,6,'正见网'),(6494,6,'镇压'),(6493,6,'侦查权论'),(6491,6,'真相'),(6489,6,'哲民'),(6487,6,'赵子阳'),(6485,6,'赵紫阳'),(6483,6,'赵紫扬'),(6481,6,'赵紫'),(6479,6,'赵品潞'),(6477,6,'赵海青'),(6475,6,'张志清'),(6473,6,'张文岳'),(6471,6,'张伟国'),(6469,6,'张万年'),(6467,6,'张林'),(6465,6,'张宏堡'),(6463,6,'张存浩'),(6461,6,'曾庆红'),(6459,6,'贼民1'),(6457,6,'择民'),(6455,6,'暂住人员住房问题研究'),(6453,6,'在十月'),(6451,6,'岳武'),(6449,6,'圆满'),(6448,6,'援助交际'),(6446,6,'欲望'),(6444,6,'玉女'),(6442,6,'与兽'),(6440,6,'余英时'),(6438,6,'舆论'),(6436,6,'于大海'),(6434,6,'幼女'),(6432,6,'幼齿'),(6430,6,'有害气功'),(6428,6,'由喜贵'),(6426,6,'鹰派'),(6424,6,'淫汁'),(6422,6,'淫穴'),(6420,6,'淫网'),(6418,6,'淫水'),(6416,6,'淫妹'),(6415,6,'淫客帝国'),(6413,6,'淫'),(6411,6,'阴茎'),(6409,6,'阴核'),(6407,6,'阴道'),(6405,6,'阴部'),(6403,6,'异性'),(6402,6,'异见人士'),(6400,6,'义解'),(6398,6,'易装癖'),(6396,6,'易丹轩'),(6394,6,'倚花宫'),(6393,6,'一中一台'),(6391,6,'一夜欢'),(6390,6,'一踏糊涂'),(6388,6,'一蹋'),(6387,6,'一塔湖图'),(6385,6,'一塌'),(6384,6,'一句心语传真情'),(6383,6,'一句新语传真情'),(6381,6,'夜生活'),(6380,6,'夜幕下的上海滩'),(6378,6,'野苹果'),(6376,6,'姚月谦'),(6374,6,'阳部'),(6372,6,'杨月清'),(6369,6,'杨怀安'),(6368,6,'央视内部晚会'),(6366,6,'艳舞'),(6364,6,'艳丽a级'),(6362,6,'颜射'),(6361,6,'言情小说'),(6359,6,'严家其'),(6358,6,'亚洲自由之声'),(6357,6,'亚洲性虐'),(6356,6,'亚洲全裸网'),(6355,6,'亚洲博彩网站'),(6354,6,'亚洲波霸'),(6352,6,'亚情'),(6350,6,'雅宝大厦拒绝国人'),(6348,6,'勋章'),(6347,6,'血洒天安门'),(6345,6,'学自联'),(6343,6,'学习班'),(6341,6,'学生妹'),(6340,6,'学生爱国者运动'),(6338,6,'学潮'),(6336,6,'裏本'),(6334,6,'许家屯'),(6332,6,'徐水良'),(6330,6,'徐国健'),(6328,6,'修炼'),(6326,6,'熊炎'),(6324,6,'性知识'),(6322,6,'性小说'),(6320,6,'性文学'),(6318,6,'性图片'),(6316,6,'性生活'),(6314,6,'性派队'),(6312,6,'性教育'),(6310,6,'性技巧'),(6308,6,'性虎'),(6306,6,'性感'),(6305,6,'性福联盟'),(6303,6,'性犯罪'),(6301,6,'性暴力'),(6299,6,'性伴侣'),(6297,6,'邢铮'),(6296,6,'信用危机'),(6294,6,'新语丝'),(6293,6,'新闻封锁'),(6291,6,'新生网'),(6290,6,'新疆独立'),(6289,6,'新华通论坛'),(6287,6,'新华举报'),(6285,6,'辛灏年'),(6283,6,'谢选骏'),(6281,6,'械斗'),(6279,6,'邪恶'),(6277,6,'小猪娱乐'),(6275,6,'小淫虫'),(6273,6,'小心肝'),(6271,6,'小黄'),(6268,6,'小参考'),(6266,6,'向65'),(6264,6,'项怀诚'),(6263,6,'香港有望举办部分奥运项目'),(6262,6,'香港有望承办2008北京奥运马术赛'),(6261,6,'香港有望承办2008奥运马术比赛'),(6260,6,'香港有望承办'),(6259,6,'香港性网'),(6257,6,'仙霞路'),(6255,6,'下体'),(6254,6,'下流地带'),(6252,6,'下半身'),(6250,6,'洗脑'),(6248,6,'希虎'),(6246,6,'稀见'),(6244,6,'吸精'),(6243,6,'西洋特优'),(6241,6,'西藏'),(6239,6,'伍凡'),(6238,6,'午夜女郎'),(6236,6,'吴仪'),(6234,6,'吴学灿'),(6232,6,'吴弘达'),(6230,6,'吴官正'),(6228,6,'吴百益'),(6227,6,'吾尔开希'),(6226,6,'吾尔开西'),(6224,6,'无码'),(6223,6,'无界浏览器'),(6222,6,'无界浏览'),(6221,6,'无界漫游'),(6220,6,'无界流览器'),(6218,6,'我在收容所的九天九夜'),(6217,6,'我是回民'),(6215,6,'我操'),(6213,6,'温元凯'),(6211,6,'尉健行'),(6209,6,'魏京生'),(6208,6,'未成年少女'),(6206,6,'网特'),(6204,6,'网络图霸'),(6202,6,'王冶坪'),(6200,6,'王小丫'),(6198,6,'王若望'),(6196,6,'王瑞林'),(6194,6,'王军涛'),(6192,6,'王涵万'),(6190,6,'王辅臣'),(6188,6,'王超华'),(6186,6,'王炳章'),(6184,6,'汪岷'),(6183,6,'万州暴动'),(6180,6,'万润南'),(6179,6,'晚年周恩来'),(6177,6,'外遇'),(6176,6,'外交与方略'),(6174,6,'瓦良格'),(6173,6,'娃哈哈超标'),(6171,6,'脱瀑'),(6169,6,'透视照'),(6167,6,'偷情'),(6165,6,'偷窥'),(6164,6,'偷尝禁果'),(6163,6,'痛死我了'),(6160,6,'统战'),(6159,6,'统独论坛'),(6157,6,'童屹'),(6156,6,'同志网站'),(6155,6,'同性恋电影'),(6153,6,'同盟'),(6151,6,'挑逗'),(6149,6,'舔'),(6147,6,'天怒'),(6146,6,'天安门真相'),(6145,6,'天安门一代'),(6144,6,'天安门屠杀'),(6143,6,'天安门屠城'),(6142,6,'天安门事件'),(6141,6,'天安门母亲'),(6140,6,'天安门录影带'),(6139,6,'天安门大屠杀'),(6138,6,'天安门残案'),(6136,6,'天安'),(6133,6,'陶驷驹'),(6131,6,'桃色'),(6129,6,'唐捷'),(6127,6,'汤光中'),(6125,6,'太子党'),(6124,6,'台湾自由联盟'),(6122,6,'台湾青年独立联盟'),(6120,6,'台湾狗'),(6119,6,'台湾共和国'),(6116,6,'台盟'),(6114,6,'塌'),(6112,6,'苏晓康'),(6110,6,'宋祖英'),(6108,6,'宋平'),(6106,6,'宋xx'),(6105,6,'四川审计事件'),(6104,6,'四川瀑布沟水库'),(6103,6,'四川乐山市田玉飞'),(6102,6,'四川汉源'),(6101,6,'四川独立'),(6099,6,'司徒华'),(6097,6,'司马晋'),(6095,6,'税力'),(6092,6,'双十节'),(6091,6,'数据中国'),(6089,6,'梳头'),(6087,6,'兽交'),(6085,6,'受禁'),(6082,6,'收容所'),(6080,6,'视频'),(6079,6,'释放蒋彦永'),(6076,6,'示爱'),(6075,6,'时事论坛'),(6074,6,'时代论坛'),(6071,6,'十八禁'),(6069,6,'失身'),(6067,6,'师父'),(6065,6,'盛华仁'),(6063,6,'生殖器'),(6061,6,'沈彤'),(6058,6,'深插'),(6056,6,'射颜'),(6054,6,'邵家健'),(6053,6,'少女写真'),(6051,6,'上书'),(6050,6,'上海孤儿院'),(6048,6,'上访'),(6046,6,'善忍'),(6045,6,'善恶有报'),(6044,6,'山西证卷大案'),(6041,6,'傻逼'),(6039,6,'色欲'),(6037,6,'色友'),(6036,6,'色网书库'),(6034,6,'色图'),(6032,6,'色书库'),(6030,6,'色请'),(6029,6,'色情小说'),(6027,6,'色女帝国'),(6024,6,'色魔'),(6022,6,'色迷城'),(6020,6,'色郎'),(6018,6,'色界'),(6016,6,'色虎'),(6014,6,'色豹'),(6012,6,'骚姐姐'),(6010,6,'叁级'),(6008,6,'三级'),(6007,6,'三个代表'),(6005,6,'塞蒙'),(6004,6,'瑞士金融大学'),(6002,6,'乳交'),(6000,6,'乳房'),(5998,6,'如厕'),(5996,6,'肉穴'),(5994,6,'肉棒'),(5993,6,'日内瓦金融'),(5992,6,'日本甜心'),(5990,6,'日本妹'),(5987,6,'任常霞局长牺牲黑幕'),(5986,6,'人与兽乱交图片'),(5984,6,'人体'),(5981,6,'人权'),(5979,6,'人民真实'),(5977,6,'人民报'),(5975,6,'热比娅'),(5973,6,'群交'),(5972,6,'裙下风光'),(5969,6,'全裸'),(5967,6,'庆红'),(5965,6,'情挑'),(5963,6,'情色'),(5961,6,'情妇'),(5959,6,'清理上访人员的工作'),(5956,6,'秦永敏'),(5954,6,'亲日'),(5952,6,'侵犯'),(5950,6,'乔石'),(5948,6,'强奸'),(5946,6,'欠操'),(5944,6,'钱国梁'),(5942,6,'千分色'),(5940,6,'齐墨'),(5937,6,'破解'),(5936,6,'评共产党'),(5934,6,'赔率'),(5933,6,'泡沫经济'),(5932,6,'炮打中宣部'),(5930,6,'盘口'),(5928,6,'虐恋'),(5926,6,'女优'),(5924,6,'女性'),(5922,6,'女体'),(5920,6,'女色'),(5919,6,'女人身体'),(5918,6,'女港商坚持国人身份被打'),(5916,6,'捏弄'),(5915,6,'匿名代理'),(5914,6,'你说我说论坛'),(5912,6,'倪育贤'),(5910,6,'嫩女孩'),(5908,6,'内衣'),(5907,6,'内视特写'),(5905,6,'闹事'),(5903,6,'男性'),(5902,6,'男人乐园'),(5900,6,'奶子'),(5899,6,'木子论坛'),(5897,6,'莫伟强'),(5895,6,'模特'),(5893,6,'明慧'),(5891,6,'民族'),(5888,6,'民主'),(5885,6,'民运'),(5884,6,'民意论坛'),(5882,6,'民联'),(5880,6,'民国'),(5879,6,'免费小电影'),(5877,6,'绵恒'),(5876,6,'棉被自慰'),(5874,6,'密穴'),(5872,6,'米秀萍'),(5870,6,'迷奸'),(5868,6,'猛插'),(5867,6,'蒙古独立'),(5865,6,'媚药'),(5863,6,'媚术'),(5862,6,'妹妹阴毛'),(5861,6,'妹妹裸体'),(5859,6,'美穴'),(5857,6,'美少女'),(5855,6,'美人'),(5853,6,'美眉'),(5852,6,'美国之音'),(5850,6,'梅俊林'),(5848,6,'毛贼东'),(5846,6,'毛片'),(5844,6,'卖淫'),(5842,6,'卖春'),(5840,6,'马时敏'),(5838,6,'马良骏'),(5836,6,'妈的'),(5834,6,'裸图'),(5832,6,'裸体'),(5831,6,'裸女图片'),(5829,6,'裸露'),(5827,6,'罗礼诗'),(5825,6,'论小说'),(5823,6,'轮盘'),(5821,6,'轮功'),(5819,6,'轮暴'),(5817,6,'乱片'),(5815,6,'吕秀莲'),(5813,6,'陆委会'),(5811,6,'露穴图'),(5809,6,'露三点'),(5807,6,'卢跃刚'),(5805,6,'龙虎豹'),(5803,6,'六四学生爱国运动正名'),(5802,6,'六四屠杀'),(5801,6,'六四事件'),(5799,6,'六四参加者回忆录'),(5797,6,'六.四'),(5795,6,'刘永川'),(5794,6,'刘亦菲泳装写真集'),(5792,6,'刘晓波'),(5790,6,'刘士贤'),(5788,6,'刘青'),(5786,6,'刘凯中'),(5784,6,'刘华清'),(5781,6,'刘宾雁'),(5779,6,'凌锋'),(5777,6,'林慎立'),(5775,6,'林保华'),(5774,6,'两全其美'),(5773,6,'两个中国'),(5772,6,'两岸三地论坛'),(5771,6,'两岸关系'),(5769,6,'良格'),(5767,6,'炼功'),(5765,6,'恋发癖'),(5763,6,'廉政'),(5761,6,'联总'),(5759,6,'丽人'),(5757,6,'李总统'),(5755,6,'李志绥'),(5753,6,'李小鹏'),(5751,6,'李晓华'),(5749,6,'李旺阳'),(5747,6,'李少民'),(5744,6,'李鹏'),(5742,6,'李禄'),(5740,6,'李兰菊'),(5738,6,'李宏志'),(5736,6,'李登辉'),(5734,6,'李长春'),(5732,6,'黎安友'),(5730,6,'老毛'),(5729,6,'老汉推车'),(5727,6,'劳改'),(5726,6,'劳动教养所'),(5724,6,'浪笑'),(5722,6,'狼友'),(5720,6,'辣妹'),(5719,6,'拉拉俱乐部'),(5717,6,'口淫'),(5716,6,'口内爆浆'),(5714,6,'抠女'),(5713,6,'控制媒体'),(5711,6,'看中国'),(5710,6,'看日本人卖给了我们什么'),(5709,6,'开放杂志'),(5707,6,'军队'),(5705,6,'绝色'),(5703,6,'菊花蕾'),(5702,6,'九评中共'),(5701,6,'九评共产党'),(5699,6,'静坐'),(5698,6,'警民冲突'),(5696,6,'精液'),(5694,6,'劲爆'),(5693,6,'近亲相奸'),(5691,6,'禁片'),(5689,6,'禁果'),(5688,6,'锦州交行'),(5686,6,'金之鹰'),(5684,6,'金瓶梅'),(5683,6,'戒严部队'),(5681,6,'接班'),(5679,6,'叫床'),(5677,6,'交友'),(5675,6,'交合'),(5673,6,'焦国标'),(5671,6,'讲法'),(5670,6,'蒋彦勇上书'),(5669,6,'蒋彦永上书'),(5667,6,'江屙民'),(5665,6,'江猪媳'),(5663,6,'江折民'),(5661,6,'江泽明'),(5659,6,'江泽慧'),(5657,6,'江戏子'),(5655,6,'江苏省道路交通安全条例'),(5654,6,'江苏省道路安全条例'),(5653,6,'江苏省党政一把手'),(5652,6,'江氏集团'),(5651,6,'江十泽十民'),(5649,6,'江棋生'),(5647,6,'江卖国'),(5646,6,'江罗集团'),(5644,6,'江流氓'),(5642,6,'江八点'),(5640,6,'江ze民'),(5638,6,'江core'),(5636,6,'姜春云'),(5634,6,'僵贼'),(5632,6,'贱男'),(5630,6,'奸淫'),(5628,6,'奸'),(5626,6,'贾育台'),(5624,6,'贾庆林'),(5623,6,'纪念六四'),(5621,6,'妓女'),(5620,6,'冀州市医疗器材'),(5618,6,'集会'),(5617,6,'极品女孩'),(5616,6,'极品波霸'),(5615,6,'极度图库'),(5613,6,'姬胜德'),(5612,6,'鸡毛信文汇'),(5610,6,'鸡巴'),(5608,6,'鸡吧'),(5607,6,'激情自拍'),(5606,6,'激情图片'),(5604,6,'激情'),(5602,6,'基督'),(5601,6,'火辣图片'),(5600,6,'会员精粹区'),(5598,6,'悔过书'),(5596,6,'回民'),(5593,6,'回汉'),(5591,6,'黄翔'),(5589,6,'黄色'),(5587,6,'黄菊'),(5585,6,'黄祸'),(5583,6,'换妻'),(5582,6,'欢乐性今宵'),(5581,6,'欢乐搜寻'),(5580,6,'欢欢娱乐时空'),(5579,6,'华岳时事论坛'),(5578,6,'华语世界论坛'),(5577,6,'华夏文摘'),(5575,6,'华建敏任中国证监会主席'),(5573,6,'华建敏'),(5572,6,'花花公子'),(5570,6,'花和尚'),(5568,6,'胡耀邦'),(5566,6,'胡景涛'),(5564,6,'胡锦滔'),(5562,6,'胡紧掏'),(5560,6,'后庭'),(5558,6,'后宫'),(5556,6,'红灯区'),(5554,6,'宏法'),(5552,6,'洪哲胜'),(5550,6,'洪爷'),(5548,6,'狠插'),(5546,6,'黑马'),(5544,6,'河殇'),(5542,6,'合成照'),(5540,6,'核武器从这里悄悄诞生'),(5539,6,'好死不如赖活着'),(5537,6,'郝演苏'),(5536,6,'杭州市国家安全局团委'),(5535,6,'汉源瀑布沟'),(5533,6,'汉奸'),(5531,6,'汉风'),(5529,6,'韩东方'),(5527,6,'国贼'),(5526,6,'国内铁路机动车组招标事件'),(5524,6,'国母'),(5522,6,'国家机密'),(5518,6,'郭岩华'),(5516,6,'郭罗基'),(5514,6,'广闻'),(5513,6,'贯通两极法'),(5511,6,'关卓中'),(5510,6,'关站事致北大校长书'),(5509,6,'关于足球与宪政建设的思考'),(5508,6,'古北口镇口蹄疫'),(5506,6,'共军'),(5505,6,'共和国卫士'),(5503,6,'共匪'),(5501,6,'共产'),(5500,6,'公审李鹏'),(5499,6,'公审江泽民'),(5497,6,'工自联'),(5495,6,'工潮'),(5493,6,'给你爽'),(5492,6,'个人崇拜'),(5490,6,'鸽派'),(5488,6,'歌星'),(5487,6,'歌功颂德'),(5485,6,'高瞻'),(5483,6,'高文谦'),(5481,6,'高跟鞋'),(5479,6,'肛门'),(5477,6,'干炮'),(5475,6,'干你'),(5473,6,'傅志寰'),(5471,6,'腐败'),(5470,6,'佛展千手法'),(5468,6,'冯东海'),(5467,6,'风雨神州论坛'),(5466,6,'风雨神州'),(5464,6,'风流'),(5462,6,'封从德'),(5460,6,'分裂'),(5458,6,'分家在'),(5456,6,'费良勇'),(5454,6,'肥奶'),(5452,6,'非法'),(5451,6,'菲律宾将2004年公共服务奖授予蒋彦勇'),(5449,6,'方励之'),(5447,6,'反人类'),(5445,6,'反攻'),(5444,6,'反革命动乱'),(5443,6,'反革命暴乱'),(5442,6,'反腐败论坛'),(5441,6,'反封锁技术'),(5439,6,'反对日本介入中国铁路工业'),(5437,6,'法愣'),(5435,6,'法谪'),(5433,6,'法论'),(5431,6,'法伦'),(5429,6,'法轮'),(5427,6,'法抡'),(5426,6,'法口轮口功'),(5424,6,'法lun功'),(5422,6,'发愣'),(5420,6,'发情'),(5418,6,'发论功'),(5416,6,'发伦功'),(5414,6,'发轮'),(5412,6,'发抡'),(5410,6,'发*功'),(5409,6,'恶心网站'),(5407,6,'俄国'),(5405,6,'多维'),(5404,6,'对北京市政协委员张惟英女士的罢免提议'),(5402,6,'杜智富'),(5400,6,'赌术'),(5398,6,'赌博'),(5396,6,'独夫'),(5394,6,'独裁'),(5392,6,'动乱'),(5391,6,'东西南北论坛'),(5388,6,'东社'),(5386,6,'东京g点'),(5384,6,'东方红时空'),(5383,6,'东北独立'),(5382,6,'顶级色站'),(5381,6,'顶级色片'),(5379,6,'丁子霖'),(5377,6,'丁关根'),(5375,6,'钓鱼岛'),(5374,6,'电影下载'),(5372,6,'弟子'),(5370,6,'第三者'),(5369,6,'地狱天使'),(5368,6,'地下刊物'),(5366,6,'底裤'),(5364,6,'邓笑贫'),(5362,6,'荡笑'),(5360,6,'荡妇'),(5357,6,'戴相龙'),(5356,6,'大众真人真事'),(5355,6,'大中华论坛'),(5354,6,'大中国论坛'),(5353,6,'大王一条街'),(5351,6,'大史记'),(5349,6,'大乳'),(5347,6,'大奶'),(5346,6,'大陆娱乐黄站'),(5345,6,'大露鲍鱼'),(5343,6,'大纪园'),(5342,6,'大纪元郑重申明'),(5341,6,'大纪元新闻网'),(5339,6,'大鸡巴'),(5338,6,'大惑色迷城'),(5336,6,'大法弟子'),(5334,6,'大参考'),(5332,6,'大便'),(5330,6,'达赖'),(5328,6,'春药'),(5327,6,'春夏自由论坛'),(5326,6,'春光荡漾'),(5324,6,'床上'),(5323,6,'传兼任证监主席'),(5321,6,'处女'),(5319,6,'抽插'),(5318,6,'赤裸龙虎'),(5316,6,'赤化'),(5314,6,'迟浩田'),(5313,6,'持不同政见'),(5311,6,'程真'),(5309,6,'程凯'),(5307,6,'成人'),(5305,6,'陈一谘'),(5303,6,'陈小同'),(5301,6,'陈破空'),(5299,6,'陈良宇'),(5297,6,'陈炳基'),(5295,6,'朝河兰'),(5293,6,'常劲'),(5291,6,'柴玲'),(5289,6,'插我'),(5287,6,'插它'),(5285,6,'插入'),(5282,6,'插进'),(5280,6,'插得'),(5278,6,'厕所'),(5276,6,'操丫'),(5274,6,'操我'),(5272,6,'操它'),(5270,6,'操死'),(5268,6,'操你'),(5266,6,'操的'),(5264,6,'操逼图'),(5263,6,'操逼电影'),(5261,6,'操b'),(5259,6,'蔡崇国'),(5258,6,'踩江游戏'),(5256,6,'踩江鬼'),(5254,6,'不贞'),(5253,6,'不夜猛男'),(5251,6,'波女'),(5249,6,'波波'),(5247,6,'变性'),(5245,6,'避孕套'),(5244,6,'北美自由论坛'),(5242,6,'北京雅宝大厦拒绝国人'),(5241,6,'北京屠城'),(5240,6,'北京青年报黑幕'),(5239,6,'北京青年报'),(5237,6,'北京对公务车试点改革'),(5235,6,'北韩'),(5234,6,'北大三角地论坛'),(5233,6,'北大静园的集会'),(5231,6,'爆光'),(5229,6,'鲍彤'),(5227,6,'暴政'),(5225,6,'暴露狂'),(5223,6,'保健'),(5220,6,'百家乐'),(5218,6,'白梦'),(5215,6,'罢工'),(5212,6,'八老'),(5210,6,'八九'),(5209,6,'凹凸俱乐部'),(5208,6,'安乡首富'),(5205,6,'爱液'),(5203,6,'爱妹妹'),(5202,6,'爱国者同盟网'),(5201,6,'爱国者同盟'),(5200,6,'爱国者联盟网'),(5198,6,'爱国者'),(5197,6,'爱国运动正名'),(5196,6,'爱国运动'),(5193,6,'煉功'),(5191,6,'zhuanfalun'),(5190,6,'zhenshanren'),(5189,6,'zhengjianwang'),(5187,6,'zhaoziyang'),(5185,6,'ytht'),(5183,6,'y28'),(5181,6,'xys'),(5179,6,'xx'),(5177,6,'xin'),(5175,6,'x636'),(5172,6,'x365x'),(5170,6,'x'),(5169,6,'www.tevoortwis.net'),(5168,6,'www.dickbig.com/'),(5166,6,'wolala'),(5164,6,'voachinese'),(5162,6,'virgin'),(5160,6,'vcd3000'),(5158,6,'unixbox'),(5156,6,'tw18'),(5154,6,'triangle'),(5152,6,'tits'),(5150,6,'teen'),(5148,6,'taip'),(5146,6,'suck'),(5144,6,'simple'),(5142,6,'sexy'),(5140,6,'sexual'),(5138,6,'sex'),(5136,6,'seekease'),(5134,6,'secool'),(5132,6,'rfa'),(5130,6,'renminbao'),(5128,6,'rape'),(5126,6,'princeton'),(5125,6,'pornography'),(5123,6,'porn'),(5121,6,'piss'),(5119,6,'petgirl'),(5116,6,'peacehall'),(5114,6,'nude'),(5112,6,'nipple'),(5109,6,'nacb'),(5107,6,'mmfan'),(5104,6,'milf'),(5102,6,'lryz'),(5100,6,'lingerie'),(5097,6,'kitty'),(5095,6,'June4th'),(5093,6,'jsexcinema'),(5092,6,'jiangdongriji'),(5090,6,'jdh35-ii'),(5088,6,'japanvcd'),(5086,6,'incest'),(5084,6,'h卡通'),(5082,6,'hustler'),(5080,6,'hschoolgirls'),(5078,6,'hot辣女'),(5076,6,'hotgirl'),(5074,6,'hongzhi'),(5072,6,'hardcore'),(5070,6,'hacker'),(5068,6,'g点'),(5066,6,'girl'),(5063,6,'fuck'),(5061,6,'freedom'),(5059,6,'flg'),(5057,6,'fa轮'),(5055,6,'falunfofa'),(5053,6,'falun'),(5050,6,'dpp'),(5048,6,'dick'),(5045,6,'dafa'),(5043,6,'cunt'),(5041,6,'creaders'),(5039,6,'coition'),(5037,6,'cnd'),(5035,6,'chinamz'),(5034,6,'chinaliberal'),(5032,6,'breast'),(5030,6,'boxun'),(5028,6,'blowjob'),(5026,6,'badgirl'),(5024,6,'a片'),(5022,6,'avvcd'),(5020,6,'ass'),(5018,6,'asftool'),(5016,6,'anal'),(5014,6,'amateurs'),(5012,6,'adult'),(5010,6,'a4u'),(5008,6,'999real'),(5007,6,'89学生运动'),(5005,6,'89风波'),(5003,6,'89-64cdjp'),(5001,6,'722'),(4999,6,'6F9色情'),(4997,6,'666'),(4995,6,'6.4'),(4994,6,'6-4tianwang'),(4992,6,'51xcn'),(4990,6,'425'),(4988,6,'3movies'),(4987,6,'365新域名'),(4986,6,'365新网址'),(4985,6,'365新网站'),(4984,6,'365新论坛'),(4983,6,'365新地址'),(4981,6,'365情网'),(4978,6,'365x'),(4977,6,'365ca贴图'),(4975,6,'365'),(4972,6,'2008北京奥运法律框架报告'),(4971,6,'2004中国媒体十大事件'),(4968,6,'1989'),(4966,6,'18禁'),(4963,6,'18adult'),(4961,6,'16大'),(4960,6,'168casino在线游戏'),(4958,6,'15岁'),(4957,6,'13924224261'),(4956,6,'01-1763-991799'),(4955,6,'01-1001-970010'),(4953,6,'007girls'),(7267,7,'集会'),(7268,7,'集权接掌请愿书'),(7269,7,'冀州市医疗器材'),(7270,7,'妓女'),(7271,7,'妓院'),(7272,7,'纪念六四'),(7273,7,'贾庆林'),(7274,7,'贾廷安'),(7275,7,'贾育台'),(7276,7,'尖阁'),(7277,7,'奸'),(7278,7,'奸夫'),(7279,7,'奸淫'),(7280,7,'奸幼'),(7281,7,'贱男'),(7282,7,'建国党'),(7283,7,'僵贼'),(7284,7,'僵贼民'),(7285,7,'姜春云'),(7286,7,'将则民'),(7287,7,'江core'),(7288,7,'江x民'),(7289,7,'江ze民'),(7290,7,'江澤民'),(7291,7,'江八点'),(7292,7,'江羅'),(7293,7,'江流氓'),(7294,7,'江罗'),(7295,7,'江罗集团'),(7296,7,'江卖国'),(7297,7,'江绵恒'),(7298,7,'江棋生'),(7299,7,'江青'),(7300,7,'江十泽十民'),(7301,7,'江氏集团'),(7302,7,'江苏省党政一把手'),(7303,7,'江苏省道路安全条例'),(7304,7,'江苏省道路交通安全条例'),(7305,7,'江苏省道路交通条例'),(7306,7,'江戏子'),(7307,7,'江则民'),(7308,7,'江泽慧'),(7309,7,'江泽民'),(7310,7,'江泽明'),(7311,7,'江贼民'),(7312,7,'江折民'),(7313,7,'江猪'),(7314,7,'江猪媳'),(7315,7,'江主席'),(7316,7,'江屙民'),(7317,7,'疆独'),(7318,7,'蒋彦永上书'),(7319,7,'蒋彦勇上书'),(7320,7,'讲法'),(7321,7,'酱猪媳'),(7322,7,'焦国标'),(7323,7,'交班'),(7324,7,'交合'),(7325,7,'交换夫妻'),(7326,7,'交友'),(7327,7,'教养院'),(7328,7,'叫床'),(7329,7,'揭批书'),(7330,7,'接班'),(7331,7,'解封'),(7332,7,'戒严部队'),(7333,7,'金瓶梅'),(7334,7,'金尧如'),(7335,7,'金之鹰'),(7336,7,'锦涛'),(7337,7,'锦州交行'),(7338,7,'禁果'),(7339,7,'禁看'),(7340,7,'禁片'),(7341,7,'禁区'),(7342,7,'近亲相奸'),(7343,7,'劲爆'),(7344,7,'精气'),(7345,7,'精液'),(7346,7,'经文'),(7347,7,'警民冲突'),(7348,7,'静坐'),(7349,7,'九评'),(7350,7,'九评共产党'),(7351,7,'九评中共'),(7352,7,'菊花蕾'),(7353,7,'巨乳'),(7354,7,'绝色'),(7355,7,'绝食'),(7356,7,'军队'),(7357,7,'军港物资补给车'),(7358,7,'开放杂志'),(7359,7,'看日本人卖给了我们什么'),(7360,7,'看中国'),(7361,7,'抗议'),(7362,7,'控制媒体'),(7363,7,'抠女'),(7364,7,'口交'),(7365,7,'口内爆浆'),(7366,7,'口淫'),(7367,7,'裤袜'),(7368,7,'拉拉俱乐部'),(7369,7,'辣妹'),(7370,7,'辣女'),(7371,7,'狼友'),(7372,7,'浪女'),(7373,7,'浪笑'),(7374,7,'浪穴'),(7375,7,'劳动教养所'),(7376,7,'劳改'),(7377,7,'劳教'),(7378,7,'老汉推车'),(7379,7,'老毛'),(7380,7,'老人政治'),(7381,7,'黎安友'),(7382,7,'理想信念追求'),(7383,7,'李长春'),(7384,7,'李大师'),(7385,7,'李登辉'),(7386,7,'李洪宽'),(7387,7,'李宏志'),(7388,7,'李红痔'),(7389,7,'李兰菊'),(7390,7,'李老师'),(7391,7,'李禄'),(7392,7,'李录'),(7393,7,'李鹏'),(7394,7,'李契克告中国人民解放军广大官兵书'),(7395,7,'李瑞环'),(7396,7,'李少民'),(7397,7,'李淑娴'),(7398,7,'李旺阳'),(7399,7,'李文斌'),(7400,7,'李晓华'),(7401,7,'李小朋'),(7402,7,'李小鹏'),(7403,7,'李月月鸟'),(7404,7,'李志绥'),(7405,7,'李总理'),(7406,7,'李总统'),(7407,7,'李岚清'),(7408,7,'丽人'),(7409,7,'联席'),(7410,7,'联总'),(7411,7,'连胜德'),(7412,7,'廉政'),(7413,7,'廉政大论坛'),(7414,7,'恋发癖'),(7415,7,'恋物癖'),(7416,7,'炼功'),(7417,7,'梁擎墩'),(7418,7,'良格'),(7419,7,'良玉'),(7420,7,'两岸关系'),(7421,7,'两岸三地论坛'),(7422,7,'两个中国'),(7423,7,'两全其美'),(7424,7,'林保华'),(7425,7,'林长盛'),(7426,7,'林慎立'),(7427,7,'林樵清'),(7428,7,'凌锋'),(7429,7,'刘宾深'),(7430,7,'刘宾雁'),(7431,7,'刘刚'),(7432,7,'刘国凯'),(7433,7,'刘华清'),(7434,7,'刘俊国'),(7435,7,'刘凯中'),(7436,7,'刘千石'),(7437,7,'刘青'),(7438,7,'刘山青'),(7439,7,'刘士贤'),(7440,7,'刘文胜'),(7441,7,'刘晓波'),(7442,7,'刘晓竹'),(7443,7,'刘亦菲泳装写真集'),(7444,7,'刘永川'),(7445,7,'流亡'),(7446,7,'六.四'),(7447,7,'六四'),(7448,7,'六四参加者回忆录'),(7449,7,'六四的悲惨事件'),(7450,7,'六四事件'),(7451,7,'六四屠杀'),(7452,7,'六四学生爱国运动正名'),(7453,7,'六四血卡'),(7454,7,'龙虎豹'),(7455,7,'龙卷风'),(7456,7,'卢跃刚'),(7457,7,'露点'),(7458,7,'露三点'),(7459,7,'露穴'),(7460,7,'露穴图'),(7461,7,'露阴痞'),(7462,7,'陆委会'),(7463,7,'吕京花'),(7464,7,'吕秀莲'),(7465,7,'乱伦'),(7466,7,'乱片'),(7467,7,'掠夺'),(7468,7,'轮暴'),(7469,7,'轮大'),(7470,7,'轮功'),(7471,7,'轮奸'),(7472,7,'轮盘'),(7473,7,'伦功'),(7474,7,'论小说'),(7475,7,'罗干'),(7476,7,'罗礼诗'),(7477,7,'罗伟凡'),(7478,7,'裸露'),(7479,7,'裸女'),(7480,7,'裸女图片'),(7481,7,'裸体'),(7482,7,'裸体图片'),(7483,7,'裸图'),(7484,7,'裸照'),(7485,7,'妈的'),(7486,7,'马大维'),(7487,7,'马良骏'),(7488,7,'马三家'),(7489,7,'马时敏'),(7490,7,'买春'),(7491,7,'卖春'),(7492,7,'卖国'),(7493,7,'卖淫'),(7494,7,'毛厕洞'),(7495,7,'毛片'),(7496,7,'毛泽东与张玉凤同居'),(7497,7,'毛贼东'),(7498,7,'么么蜜'),(7499,7,'梅俊林'),(7500,7,'美国参考'),(7501,7,'美国之音'),(7502,7,'美眉'),(7503,7,'美女'),(7504,7,'美人'),(7505,7,'美乳'),(7506,7,'美少女'),(7507,7,'美腿'),(7508,7,'美穴'),(7509,7,'妹妹'),(7510,7,'妹妹裸体'),(7511,7,'妹妹阴毛'),(7512,7,'媚术'),(7513,7,'媚外'),(7514,7,'媚药'),(7515,7,'蒙独'),(7516,7,'蒙古独立'),(7517,7,'猛插'),(7518,7,'猛男'),(7519,7,'迷奸'),(7520,7,'迷药'),(7521,7,'米秀萍'),(7522,7,'密处'),(7523,7,'密穴'),(7524,7,'密云彩虹桥'),(7525,7,'棉被自慰'),(7526,7,'绵恒'),(7527,7,'免费A片'),(7528,7,'免费小电影'),(7529,7,'民国'),(7530,7,'民进党'),(7531,7,'民联'),(7532,7,'民意'),(7533,7,'民意论坛'),(7534,7,'民运'),(7535,7,'民阵'),(7536,7,'民猪'),(7537,7,'民主'),(7538,7,'民主墙'),(7539,7,'民主运动'),(7540,7,'民族'),(7541,7,'民族矛盾'),(7542,7,'明慧'),(7543,7,'明惠'),(7544,7,'模特'),(7545,7,'摩洛客'),(7546,7,'莫伟强'),(7547,7,'木犀地'),(7548,7,'木子论坛'),(7549,7,'奶子'),(7550,7,'南大自由论坛'),(7551,7,'男人乐园'),(7552,7,'男性'),(7553,7,'难民'),(7554,7,'闹事'),(7555,7,'内裤'),(7556,7,'内视特写'),(7557,7,'内衣'),(7558,7,'嫩b'),(7559,7,'嫩女孩'),(7560,7,'嫩穴'),(7561,7,'倪育贤'),(7562,7,'你妈'),(7563,7,'你说我说论坛'),(7564,7,'匿名代理'),(7565,7,'捏弄'),(7566,7,'弄那里'),(7567,7,'女港商坚持国人身份被打'),(7568,7,'女人身体'),(7569,7,'女色'),(7570,7,'女生'),(7571,7,'女体'),(7572,7,'女王'),(7573,7,'女性'),(7574,7,'女医生'),(7575,7,'女优'),(7576,7,'虐待'),(7577,7,'虐恋'),(7578,7,'潘国平'),(7579,7,'盘口'),(7580,7,'盼港参与承办北京奥运项目'),(7581,7,'炮打中宣部'),(7582,7,'泡沫经济'),(7583,7,'赔率'),(7584,7,'平反六四'),(7585,7,'评共产党'),(7586,7,'破解'),(7587,7,'迫害'),(7588,7,'瀑布沟'),(7589,7,'齐墨'),(7590,7,'祁建'),(7591,7,'千分色'),(7592,7,'钱达'),(7593,7,'钱国梁'),(7594,7,'钱其琛'),(7595,7,'欠操'),(7596,7,'强暴'),(7597,7,'强奸'),(7598,7,'抢粮记'),(7599,7,'乔石'),(7600,7,'钦本立'),(7601,7,'侵犯'),(7602,7,'亲美'),(7603,7,'亲日'),(7604,7,'秦晋'),(7605,7,'秦永敏'),(7606,7,'青天白日旗'),(7607,7,'轻舟快讯'),(7608,7,'清理上访人员的工作'),(7609,7,'情爱'),(7610,7,'情妇'),(7611,7,'情趣用品'),(7612,7,'情色'),(7613,7,'情色论坛'),(7614,7,'情挑'),(7615,7,'情欲'),(7616,7,'庆红'),(7617,7,'穷人'),(7618,7,'全裸'),(7619,7,'全球公审江泽民'),(7620,7,'全身光溜溜'),(7621,7,'裙下风光'),(7622,7,'群交'),(7623,7,'群体灭绝'),(7624,7,'热比娅'),(7625,7,'热站政论网'),(7626,7,'人民报'),(7627,7,'人民内情真相'),(7628,7,'人民真实'),(7629,7,'人民之声论坛'),(7630,7,'人权'),(7631,7,'人兽'),(7632,7,'人兽交'),(7633,7,'人体'),(7634,7,'人妖'),(7635,7,'人与兽乱交图片'),(7636,7,'任常霞局长牺牲黑幕'),(7637,7,'任长霞局长牺牲黑幕'),(7638,7,'任长霞局牺牲黑幕'),(7639,7,'日本妹'),(7640,7,'日本女孩'),(7641,7,'日本甜心'),(7642,7,'日内瓦金融'),(7643,7,'肉棒'),(7644,7,'肉蒲团'),(7645,7,'肉穴'),(7646,7,'肉欲'),(7647,7,'如厕'),(7648,7,'如何推翻中共'),(7649,7,'乳房'),(7650,7,'乳沟'),(7651,7,'乳交'),(7652,7,'乳头'),(7653,7,'瑞士金融大学'),(7654,7,'塞蒙'),(7655,7,'三点'),(7656,7,'三个代表'),(7657,7,'三级'),(7658,7,'三条腿'),(7659,7,'叁级'),(7660,7,'骚'),(7661,7,'骚姐姐'),(7662,7,'色宝贝'),(7663,7,'色豹'),(7664,7,'色狐'),(7665,7,'色虎'),(7666,7,'色即是空'),(7667,7,'色界'),(7668,7,'色狼'),(7669,7,'色郎'),(7670,7,'色猫'),(7671,7,'色迷城'),(7672,7,'色迷迷'),(7673,7,'色魔'),(7674,7,'色男俱乐部'),(7675,7,'色女'),(7676,7,'色女帝国'),(7677,7,'色情'),(7678,7,'色情小说'),(7679,7,'色请'),(7680,7,'色区'),(7681,7,'色书库'),(7682,7,'色搜索'),(7683,7,'色图'),(7684,7,'色网'),(7685,7,'色网书库'),(7686,7,'色友'),(7687,7,'色域'),(7688,7,'色欲'),(7689,7,'色之图库'),(7690,7,'傻逼'),(7691,7,'山东大学王小云教授'),(7692,7,'山东大学王小云教授公成破解MD5算法'),(7693,7,'山西证卷大案'),(7694,7,'善恶有报'),(7695,7,'善忍'),(7696,7,'上床'),(7697,7,'上访'),(7698,7,'上海帮'),(7699,7,'上海孤儿院'),(7700,7,'上书'),(7701,7,'少女乐园'),(7702,7,'少女写真'),(7703,7,'邵家健'),(7704,7,'射精'),(7705,7,'射颜'),(7706,7,'射在子宫'),(7707,7,'深插'),(7708,7,'神通加持法'),(7709,7,'沈浩波'),(7710,7,'沈彤'),(7711,7,'审江大联盟'),(7712,7,'生殖器'),(7713,7,'升天'),(7714,7,'盛华仁'),(7715,7,'盛雪'),(7716,7,'师父'),(7717,7,'师生恋'),(7718,7,'失身'),(7719,7,'失业'),(7720,7,'十八禁'),(7721,7,'十八摸'),(7722,7,'石戈'),(7723,7,'时代论坛'),(7724,7,'时事论坛'),(7725,7,'示爱'),(7726,7,'世界经济导报'),(7727,7,'事实独立'),(7728,7,'释放蒋彦永'),(7729,7,'视频'),(7730,7,'视频语音聊天室'),(7731,7,'收容所'),(7732,7,'收容所亲历记'),(7733,7,'手淫'),(7734,7,'受禁'),(7735,7,'兽奸'),(7736,7,'兽交'),(7737,7,'兽欲'),(7738,7,'梳头'),(7739,7,'熟女'),(7740,7,'数据中国'),(7741,7,'双十节'),(7742,7,'双性恋'),(7743,7,'水扁'),(7744,7,'税力'),(7745,7,'斯诺'),(7746,7,'司马晋'),(7747,7,'司马璐'),(7748,7,'司徒华'),(7749,7,'死亡名单'),(7750,7,'四川独立'),(7751,7,'四川汉源'),(7752,7,'四川乐山市田玉飞'),(7753,7,'四川瀑布沟水库'),(7754,7,'四川审计事件'),(7755,7,'宋xx'),(7756,7,'宋法棠'),(7757,7,'宋平'),(7758,7,'宋书元'),(7759,7,'宋祖英'),(7760,7,'苏绍智'),(7761,7,'苏晓康'),(7762,7,'素人'),(7763,7,'塌'),(7764,7,'台独'),(7765,7,'台盟'),(7766,7,'台湾18成人网'),(7767,7,'台湾独立'),(7768,7,'台湾共和国'),(7769,7,'台湾狗'),(7770,7,'台湾建国运动组织'),(7771,7,'台湾青年独立联盟'),(7772,7,'台湾政论区'),(7773,7,'台湾自由联盟'),(7774,7,'太子党'),(7775,7,'贪污'),(7776,7,'汤光中'),(7777,7,'唐柏桥'),(7778,7,'唐捷'),(7779,7,'桃花源记'),(7780,7,'桃色'),(7781,7,'桃色迷情'),(7782,7,'陶驷驹'),(7783,7,'讨伐教育部'),(7784,7,'讨伐中宣部'),(7785,7,'天安'),(7786,7,'天安门'),(7787,7,'天安门残案'),(7788,7,'天安门大屠杀'),(7789,7,'天安门录影带'),(7790,7,'天安门母亲'),(7791,7,'天安门事件'),(7792,7,'天安门屠城'),(7793,7,'天安门屠杀'),(7794,7,'天安门一代'),(7795,7,'天安门真相'),(7796,7,'天怒'),(7797,7,'天葬'),(7798,7,'舔'),(7799,7,'舔脚'),(7800,7,'挑逗'),(7801,7,'同居'),(7802,7,'同盟'),(7803,7,'同性'),(7804,7,'同性恋电影'),(7805,7,'同志网站'),(7806,7,'童屹'),(7807,7,'统独'),(7808,7,'统独论坛'),(7809,7,'统战'),(7810,7,'痛打中宣部'),(7811,7,'痛经'),(7812,7,'痛死我了'),(7813,7,'偷尝禁果'),(7814,7,'偷窥'),(7815,7,'偷拍'),(7816,7,'偷情'),(7817,7,'透明装'),(7818,7,'透视照'),(7819,7,'突破网禁'),(7820,7,'脱瀑'),(7821,7,'脱衣'),(7822,7,'娃哈哈超标'),(7823,7,'瓦良格'),(7824,7,'外交论坛'),(7825,7,'外交与方略'),(7826,7,'外遇'),(7827,7,'玩少女贴图'),(7828,7,'晚年周恩来'),(7829,7,'万润南'),(7830,7,'万维读者论坛'),(7831,7,'万晓东'),(7832,7,'万州暴动'),(7833,7,'汪岷'),(7834,7,'王宝森'),(7835,7,'王炳章'),(7836,7,'王策'),(7837,7,'王超华'),(7838,7,'王丹'),(7839,7,'王辅臣'),(7840,7,'王刚'),(7841,7,'王涵万'),(7842,7,'王沪宁'),(7843,7,'王军涛'),(7844,7,'王力雄'),(7845,7,'王瑞林'),(7846,7,'王润生'),(7847,7,'王若望'),(7848,7,'王希哲'),(7849,7,'王小丫'),(7850,7,'王秀丽'),(7851,7,'王冶坪'),(7852,7,'王振华'),(7853,7,'网络图霸'),(7854,7,'网上情人'),(7855,7,'网特'),(7856,7,'伟哥'),(7857,7,'未成年少女'),(7858,7,'魏京生'),(7859,7,'魏新生'),(7860,7,'尉健行'),(7861,7,'温家宝'),(7862,7,'温元凯'),(7863,7,'文革'),(7864,7,'我操'),(7865,7,'我日'),(7866,7,'我是回民'),(7867,7,'我在收容所的九天九夜'),(7868,7,'无极社区'),(7869,7,'无界流览器'),(7870,7,'无界漫游'),(7871,7,'无界浏览'),(7872,7,'无界浏览器'),(7873,7,'无码'),(7874,7,'无助的妻子'),(7875,7,'吾尔开西'),(7876,7,'吾尔开希'),(7877,7,'吴百益'),(7878,7,'吴方城'),(7879,7,'吴官正'),(7880,7,'吴宏达'),(7881,7,'吴弘达'),(7882,7,'吴仁华'),(7883,7,'吴学灿'),(7884,7,'吴学璨'),(7885,7,'吴仪'),(7886,7,'五不'),(7887,7,'午夜女郎'),(7888,7,'伍凡'),(7889,7,'西安游行'),(7890,7,'西藏'),(7891,7,'西藏独立'),(7892,7,'西洋特优'),(7893,7,'吸精'),(7894,7,'吸精少女'),(7895,7,'稀见'),(7896,7,'稀见史料'),(7897,7,'希虎'),(7898,7,'习近平'),(7899,7,'洗脑'),(7900,7,'洗澡'),(7901,7,'下半身'),(7902,7,'下岗'),(7903,7,'下流地带'),(7904,7,'下体'),(7905,7,'下注'),(7906,7,'仙霞路'),(7907,7,'咸湿'),(7908,7,'香港性网'),(7909,7,'香港有望承办'),(7910,7,'香港有望承办2008奥运马术比赛'),(7911,7,'香港有望承办2008北京奥运马术赛'),(7912,7,'香港有望举办部分奥运项目'),(7913,7,'项怀诚'),(7914,7,'项小吉'),(7915,7,'向65'),(7916,7,'小便'),(7917,7,'小参考'),(7918,7,'小电影'),(7919,7,'小洞'),(7920,7,'小黄'),(7921,7,'小龙女'),(7922,7,'小心肝'),(7923,7,'小穴'),(7924,7,'小淫虫'),(7925,7,'小泽圆电影'),(7926,7,'小猪娱乐'),(7927,7,'肖强'),(7928,7,'邪恶'),(7929,7,'写真'),(7930,7,'械斗'),(7931,7,'谢长廷'),(7932,7,'谢选骏'),(7933,7,'谢中之'),(7934,7,'辛灏年'),(7935,7,'新观察论坛'),(7936,7,'新华举报'),(7937,7,'新华内情'),(7938,7,'新华通论坛'),(7939,7,'新疆独立'),(7940,7,'新生网'),(7941,7,'新唐人电视台'),(7942,7,'新闻封锁'),(7943,7,'新语丝'),(7944,7,'心藏大恶'),(7945,7,'信用危机'),(7946,7,'邢铮'),(7947,7,'性爱'),(7948,7,'性伴侣'),(7949,7,'性保健'),(7950,7,'性暴力'),(7951,7,'性变态'),(7952,7,'性犯罪'),(7953,7,'性福街'),(7954,7,'性福联盟'),(7955,7,'性感'),(7956,7,'性高潮'),(7957,7,'性虎'),(7958,7,'性饥渴'),(7959,7,'性技巧'),(7960,7,'性交'),(7961,7,'性教育'),(7962,7,'性虐待'),(7963,7,'性派队'),(7964,7,'性派对'),(7965,7,'性生活'),(7966,7,'性搜网'),(7967,7,'性图片'),(7968,7,'性网站'),(7969,7,'性文学'),(7970,7,'性息'),(7971,7,'性小说'),(7972,7,'性行为'),(7973,7,'性知识'),(7974,7,'胸部'),(7975,7,'熊炎'),(7976,7,'熊焱'),(7977,7,'修炼'),(7978,7,'徐邦秦'),(7979,7,'徐国健'),(7980,7,'徐匡迪'),(7981,7,'徐水良'),(7982,7,'徐文立'),(7983,7,'许家屯'),(7984,7,'许智勇'),(7985,7,'裏本'),(7986,7,'薛伟'),(7987,7,'学潮'),(7988,7,'学联'),(7989,7,'学生爱国者运动'),(7990,7,'学生妹'),(7991,7,'学生妹s'),(7992,7,'学习班'),(7993,7,'学运'),(7994,7,'学自联'),(7995,7,'雪山狮子'),(7996,7,'血洒天安门'),(7997,7,'勋章'),(7998,7,'寻春园'),(7999,7,'雅宝大厦拒绝国人'),(8000,7,'亚交'),(8001,7,'亚情'),(8002,7,'亚热'),(8003,7,'亚洲波霸'),(8004,7,'亚洲博彩网站'),(8005,7,'亚洲全裸网'),(8006,7,'亚洲性虐'),(8007,7,'亚洲自由之声'),(8008,7,'严家其'),(8009,7,'严家祺'),(8010,7,'言情小说'),(8011,7,'颜射'),(8012,7,'阎明复'),(8013,7,'艳丽a级'),(8014,7,'艳情小说'),(8015,7,'艳舞'),(8016,7,'艳遇'),(8017,7,'央视内部晚会'),(8018,7,'杨怀安'),(8019,7,'杨建利'),(8020,7,'杨巍'),(8021,7,'杨月清'),(8022,7,'杨周'),(8023,7,'阳部'),(8024,7,'阳具'),(8025,7,'姚月谦'),(8026,7,'野狼帝国'),(8027,7,'野苹果'),(8028,7,'夜话紫禁城'),(8029,7,'夜幕下的上海滩'),(8030,7,'夜生活'),(8031,7,'一个令中国人发抖的名字'),(8032,7,'一句新语传真情'),(8033,7,'一句心语传真情'),(8034,7,'一塌'),(8035,7,'一塌糊涂'),(8036,7,'一塔湖图'),(8037,7,'一蹋'),(8038,7,'一蹋糊涂'),(8039,7,'一踏糊涂'),(8040,7,'一夜欢'),(8041,7,'一夜情'),(8042,7,'一中一台'),(8043,7,'倚花宫'),(8044,7,'以下'),(8045,7,'易丹轩'),(8046,7,'易志熹'),(8047,7,'易装癖'),(8048,7,'亦凡'),(8049,7,'义解'),(8050,7,'议会立宪'),(8051,7,'异见人士'),(8052,7,'异性'),(8053,7,'异议人士'),(8054,7,'阴部'),(8055,7,'阴唇'),(8056,7,'阴道'),(8057,7,'阴蒂'),(8058,7,'阴核'),(8059,7,'阴户'),(8060,7,'阴茎'),(8061,7,'阴毛'),(8062,7,'淫'),(8063,7,'淫荡'),(8064,7,'淫客帝国'),(8065,7,'淫妹'),(8066,7,'淫书'),(8067,7,'淫水'),(8068,7,'淫图'),(8069,7,'淫网'),(8070,7,'淫香书院'),(8071,7,'淫穴'),(8072,7,'淫液'),(8073,7,'淫汁'),(8074,7,'尹庆民'),(8075,7,'鹰派'),(8076,7,'应召'),(8077,7,'由喜贵'),(8078,7,'游行'),(8079,7,'有害气功'),(8080,7,'诱惑'),(8081,7,'幼齿'),(8082,7,'幼交'),(8083,7,'幼女'),(8084,7,'幼图'),(8085,7,'于大海'),(8086,7,'于浩成'),(8087,7,'舆论'),(8088,7,'舆论反制'),(8089,7,'余英时'),(8090,7,'娱乐黄站'),(8091,7,'与兽'),(8092,7,'宇明网'),(8093,7,'玉女'),(8094,7,'欲火'),(8095,7,'欲望'),(8096,7,'援交'),(8097,7,'援助交际'),(8098,7,'圆满'),(8099,7,'远志明'),(8100,7,'岳武'),(8101,7,'月宫'),(8102,7,'在十月'),(8103,7,'暂住人员住房问题'),(8104,7,'暂住人员住房问题研究'),(8105,7,'早泄'),(8106,7,'择民'),(8107,7,'泽民'),(8108,7,'贼民1'),(8109,7,'曾培炎'),(8110,7,'曾庆红'),(8111,7,'张伯笠'),(8112,7,'张存浩'),(8113,7,'张钢'),(8114,7,'张宏堡'),(8115,7,'张健'),(8116,7,'张林'),(8117,7,'张默与邓婕的秘密'),(8118,7,'张万年'),(8119,7,'张惟英'),(8120,7,'张伟国'),(8121,7,'张文英'),(8122,7,'张文岳'),(8123,7,'张昭富'),(8124,7,'张志清'),(8125,7,'赵公紫阳'),(8126,7,'赵海青'),(8127,7,'赵南'),(8128,7,'赵品潞'),(8129,7,'赵晓微'),(8130,7,'赵紫'),(8131,7,'赵紫杨'),(8132,7,'赵紫扬'),(8133,7,'赵紫洋'),(8134,7,'赵紫阳'),(8135,7,'赵紫阳去世'),(8136,7,'赵子阳'),(8137,7,'折民'),(8138,7,'哲民'),(8139,7,'真善忍'),(8140,7,'真相'),(8141,7,'真象'),(8142,7,'侦查权论'),(8143,7,'镇压'),(8144,7,'争鸣论坛'),(8145,7,'正见网'),(8146,7,'正名'),(8147,7,'正邪大战'),(8148,7,'正义党论坛'),(8149,7,'政权'),(8150,7,'政治反对派'),(8151,7,'政治犯'),(8152,7,'郑建源'),(8153,7,'郑义'),(8154,7,'郑源'),(8155,7,'证监会自焚'),(8156,7,'支那'),(8157,7,'指点江山论坛'),(8158,7,'中俄边界'),(8159,7,'中方对历史问题絮絮叨叨'),(8160,7,'中功'),(8161,7,'中共'),(8162,7,'中国报业怎样开放'),(8163,7,'中国复兴论坛'),(8164,7,'中国改革年代政治斗争'),(8165,7,'中国孤儿院'),(8166,7,'中国核城'),(8167,7,'中国核武器悄悄诞生'),(8168,7,'中国和平'),(8169,7,'中国论坛'),(8170,7,'中国社会进步党'),(8171,7,'中国社会论坛'),(8172,7,'中国铁路中国造'),(8173,7,'中国威胁论'),(8174,7,'中国问题论坛'),(8175,7,'中国真实内容'),(8176,7,'中国证监会尚福林指责股权分离如长期存在'),(8177,7,'中国之春'),(8178,7,'中国猪'),(8179,7,'中核404厂'),(8180,7,'中华大地'),(8181,7,'中华大众'),(8182,7,'中华讲清'),(8183,7,'中华民国'),(8184,7,'中华人民实话实说'),(8185,7,'中华人民正邪'),(8186,7,'中华时事'),(8187,7,'中华养生益智功'),(8188,7,'中华伊甸园'),(8189,7,'中华真实报道'),(8190,7,'中科院道德建设委员会副主任张存浩撰文揭露四类科学不端行为'),(8191,7,'中文搜性网'),(8192,7,'中宣部是中国社会的爱滋病'),(8193,7,'钟山风雨论坛'),(8194,7,'重审林彪罪案'),(8195,7,'周锋锁'),(8196,7,'周天法'),(8197,7,'周旋'),(8198,7,'周永康'),(8199,7,'朱嘉明'),(8200,7,'朱琳'),(8201,7,'朱毛'),(8202,7,'朱溶剂'),(8203,7,'朱容基'),(8204,7,'朱镕基'),(8205,7,'猪聋畸'),(8206,7,'猪毛1'),(8207,7,'猪容鸡'),(8208,7,'主义'),(8209,7,'注册码'),(8210,7,'专机'),(8211,7,'专制'),(8212,7,'转珐'),(8213,7,'转化'),(8214,7,'紫阳'),(8215,7,'子宫'),(8216,7,'自焚'),(8217,7,'自己的故事'),(8218,7,'自民党'),(8219,7,'自拍'),(8220,7,'自慰'),(8221,7,'自已的故事'),(8222,7,'自由'),(8223,7,'自由门'),(8224,7,'自由民主论坛'),(8225,7,'自由亚洲电台'),(8226,7,'自由之门'),(8227,7,'宗教'),(8228,7,'走私'),(8229,7,'祖英'),(8230,7,'罪恶'),(8231,7,'做爱'),(8232,7,'作爱'),(8233,7,'作爱图片'),(8234,7,'作秀'),(8235,7,'睾丸'),(8236,7,'偎亵'),(8237,7,'邝锦文'),(8238,7,'咦宝贝网'),(8239,7,'咪咪'),(8240,7,'猥亵'),(8241,7,'恪尽职守为稳定'),(8242,7,'娼'),(8243,7,'嫖'),(8244,7,'绯闻'),(8245,7,'璩美凤性爱'),(8246,7,'掰穴'),(8247,7,'胴体'),(8248,7,'滕文生'),(8249,7,'斐得勒'),(8250,7,'锺蕾妮');
/*!40000 ALTER TABLE `pattern` ENABLE KEYS */;
UNLOCK TABLES;

--
-- Table structure for table `queue`
--

DROP TABLE IF EXISTS `queue`;
/*!40101 SET @saved_cs_client     = @@character_set_client */;
/*!40101 SET character_set_client = utf8 */;
CREATE TABLE `queue` (
  `id` int(11) NOT NULL auto_increment,
  `channel` varchar(30) NOT NULL,
  `user_id` varchar(20) NOT NULL,
  `ip` varchar(100) NOT NULL,
  `content` text NOT NULL,
  `record_id` varchar(60) NOT NULL,
  `reason` text NOT NULL,
  `add_time` int(11) NOT NULL,
  PRIMARY KEY  (`id`)
) ENGINE=MyISAM AUTO_INCREMENT=14 DEFAULT CHARSET=utf8;
/*!40101 SET character_set_client = @saved_cs_client */;

--
-- Dumping data for table `queue`
--

LOCK TABLES `queue` WRITE;
/*!40000 ALTER TABLE `queue` DISABLE KEYS */;
INSERT INTO `queue` VALUES (1,'twitter','12345667','172.16.1.3','taobaoa\r\nasdfasd\r\nfa\r\nsdf\r\nasdf','0123456789abcdef0123456789abcdef','3:taobao',1272283554),(2,'twitter_image','1217462590','172.16.1.3','','a3fec10a513711dfaf85000c29d0ebbd','',1272285139),(3,'twitter_image','1217462590','172.16.1.3','','af415de8513711dfaf85000c29d0ebbd','',1272285158),(4,'twitter_image','1217462590','172.16.1.1','','f9f1de12513711dfaf85000c29d0ebbd','',1272285283),(5,'twitter_image','1217462590','172.16.1.1','','4093056c513811dfaf85000c29d0ebbd','',1272285401),(6,'twitter_image','1217462590','172.16.1.1','','828db94e513811dfaf85000c29d0ebbd','',1272285512),(7,'twitter_image','1217462590','172.16.1.1','http://www.qqhead.net.cn/d/file/QQshandongtouxiang/2009-01-19/cec9b9919105e929d509954a02c454f1.gif','f7d42b2a513811dfaf85000c29d0ebbd','',1272285709),(8,'twitter_image','1217462590','172.16.1.1','http://t1.baidu.com/it/u=3144329381,2902037048&fm=0&gp=0.jpg','1cb6dd34513911dfaf85000c29d0ebbd','',1272285771),(9,'twitter_image','1217461921','172.16.1.1','http://www.qqhead.net.cn/d/file/QQshandongtouxiang/2009-01-19/40f4d3766eee1edb1b7aba46919e1b44.jpg','4f8ad7f6513911dfaf85000c29d0ebbd','',1272285856),(10,'message','1108391525','172.16.1.3','taobaoooo','L:b2093609909643a9bcb2e517795adc','4:taobao',1272362097),(11,'message','1108391525','172.16.1.3','taobao','L:c45c0086178c4be2b1e04bf6582108','4:taobao',1272362335),(12,'message','1108391525','172.16.1.3','发帖测试MIS\ntaobaotttaobaoo','L:8bc5262d232441ba8b6639a7070cf0','4:taobao\n4:taobao',1272363019),(13,'message','1108391525','172.16.1.3','若是taobao被截断，能否识别出？','L:5a10f6f37193491e8c12c638f6fc41cb','4:taobao',1272363528);
/*!40000 ALTER TABLE `queue` ENABLE KEYS */;
UNLOCK TABLES;

--
-- Table structure for table `server`
--

DROP TABLE IF EXISTS `server`;
/*!40101 SET @saved_cs_client     = @@character_set_client */;
/*!40101 SET character_set_client = utf8 */;
CREATE TABLE `server` (
  `server_id` int(11) NOT NULL auto_increment,
  `host` varchar(100) NOT NULL,
  `port` int(11) NOT NULL,
  PRIMARY KEY  (`server_id`)
) ENGINE=MyISAM DEFAULT CHARSET=utf8;
/*!40101 SET character_set_client = @saved_cs_client */;

--
-- Dumping data for table `server`
--

LOCK TABLES `server` WRITE;
/*!40000 ALTER TABLE `server` DISABLE KEYS */;
/*!40000 ALTER TABLE `server` ENABLE KEYS */;
UNLOCK TABLES;
/*!40103 SET TIME_ZONE=@OLD_TIME_ZONE */;

/*!40101 SET SQL_MODE=@OLD_SQL_MODE */;
/*!40014 SET FOREIGN_KEY_CHECKS=@OLD_FOREIGN_KEY_CHECKS */;
/*!40014 SET UNIQUE_CHECKS=@OLD_UNIQUE_CHECKS */;
/*!40101 SET CHARACTER_SET_CLIENT=@OLD_CHARACTER_SET_CLIENT */;
/*!40101 SET CHARACTER_SET_RESULTS=@OLD_CHARACTER_SET_RESULTS */;
/*!40101 SET COLLATION_CONNECTION=@OLD_COLLATION_CONNECTION */;
/*!40111 SET SQL_NOTES=@OLD_SQL_NOTES */;

-- Dump completed on 2010-04-27 20:16:45
